clip,k,t_s,dist_to_obstacle_m,time_to_contact_s,t4t5_drive_total,S,dLR,pathway,cmd,speed_cmd_mps,yaw_cmd_dps,compute_ms
clear,0,0.0,,,0.0378,0.0003,0.0002,cone,none,1.5,0.0,3.78
clear,1,0.02,,,0.0426,0.0004,0.0003,cone,none,1.5,0.0,4.7
clear,2,0.04,,,11.8801,-0.0214,0.0419,cone,none,1.5,0.0,4.14
clear,3,0.06,,,10.5797,-0.0327,0.0717,cone,none,1.5,0.0,3.69
clear,4,0.08,,,3.5526,-0.0223,0.0721,cone,none,1.5,0.0,3.68
clear,5,0.1,,,2.3697,-0.0156,0.0505,cone,none,1.5,0.0,3.96
clear,6,0.12,,,11.8095,-0.0096,0.0429,cone,none,1.5,0.0,3.93
clear,7,0.14,,,12.4243,0.0086,0.0566,cone,none,1.5,0.0,3.78
clear,8,0.16,,,5.3075,0.0227,0.0377,cone,none,1.5,0.0,3.67
clear,9,0.18,,,2.3328,0.0159,0.0264,cone,none,1.5,0.0,3.78
clear,10,0.2,,,1.61,0.0112,0.0185,cone,none,1.5,0.0,3.92
clear,11,0.22,,,1.7809,0.0078,0.0129,cone,none,1.5,0.0,3.8
clear,12,0.24,,,3.0752,0.0051,0.0117,cone,none,1.5,0.0,3.88
clear,13,0.26,,,3.0092,0.0015,0.0096,cone,none,1.5,0.0,3.39
clear,14,0.28,,,1.7713,0.0011,0.0067,cone,none,1.5,0.0,3.8
clear,15,0.3,,,1.3118,0.0008,0.0047,cone,none,1.5,0.0,4.03
clear,16,0.32,,,1.3556,0.0005,0.0033,cone,none,1.5,0.0,3.67
clear,17,0.34,,,1.8036,0.0004,0.0023,cone,none,1.5,0.0,3.41
clear,18,0.36,,,2.0158,-0.0009,-0.0009,cone,none,1.5,0.0,3.97
clear,19,0.38,,,1.6923,0.0055,-0.0001,cone,none,1.5,0.0,3.91
clear,20,0.4,,,1.2588,0.0042,-0.0001,cone,none,1.5,0.0,3.66
clear,21,0.42,,,1.1357,0.003,-0.0,cone,none,1.5,0.0,3.41
clear,22,0.44,,,1.1107,0.0021,-0.0,cone,none,1.5,0.0,3.78
clear,23,0.46,,,1.1406,0.0014,-0.0,cone,none,1.5,0.0,4.31
clear,24,0.48,,,1.1584,0.001,-0.0,cone,none,1.5,0.0,3.75
clear,25,0.5,,,1.1193,0.0007,-0.0,cone,none,1.5,0.0,3.67
clear,26,0.52,,,1.1068,0.0005,-0.0,cone,none,1.5,0.0,3.7
clear,27,0.54,,,1.0843,0.0003,-0.0,cone,none,1.5,0.0,4.28
clear,28,0.56,,,1.0692,0.0002,-0.0,cone,none,1.5,0.0,3.86
clear,29,0.58,,,1.0811,0.0001,-0.0,cone,none,1.5,0.0,3.97
clear,30,0.6,,,1.1006,-0.0001,-0.0002,cone,none,1.5,0.0,4.12
clear,31,0.62,,,1.105,0.0,-0.0002,cone,none,1.5,0.0,4.35
clear,32,0.64,,,1.0873,0.0,-0.0001,cone,none,1.5,0.0,3.97
clear,33,0.66,,,1.0719,0.0,-0.0001,cone,none,1.5,0.0,3.77
clear,34,0.68,,,1.0689,0.0,-0.0001,cone,none,1.5,0.0,3.97
clear,35,0.7,,,1.0701,-0.0,-0.0,cone,none,1.5,0.0,4.18
clear,36,0.72,,,1.0658,-0.0,0.0001,cone,none,1.5,0.0,3.99
clear,37,0.74,,,1.0583,-0.0,0.0003,cone,none,1.5,0.0,3.42
clear,38,0.76,,,1.0576,-0.0,0.0005,cone,none,1.5,0.0,3.67
clear,39,0.78,,,1.0643,0.0,0.0007,cone,none,1.5,0.0,3.64
clear,40,0.8,,,1.0708,0.0,0.0007,cone,none,1.5,0.0,4.06
clear,41,0.82,,,1.0704,0.0,0.0005,cone,none,1.5,0.0,3.65
clear,42,0.84,,,1.0645,-0.0,0.0003,cone,none,1.5,0.0,3.54
clear,43,0.86,,,1.0612,-0.0001,0.0002,cone,none,1.5,0.0,3.5
clear,44,0.88,,,1.0644,-0.0001,0.0001,cone,none,1.5,0.0,4.2
clear,45,0.9,,,1.0695,-0.0001,0.0001,cone,none,1.5,0.0,3.83
clear,46,0.92,,,1.0704,-0.0,0.0001,cone,none,1.5,0.0,3.34
clear,47,0.94,,,1.0666,-0.0,0.0001,cone,none,1.5,0.0,3.5
clear,48,0.96,,,1.0628,-0.0,0.0001,cone,none,1.5,0.0,3.79
clear,49,0.98,,,1.0628,-0.0001,0.0001,cone,none,1.5,0.0,4.04
clear,50,1.0,,,1.0652,-0.0001,0.0002,cone,none,1.5,0.0,3.52
clear,51,1.02,,,1.067,-0.0,0.0002,cone,none,1.5,0.0,3.4
clear,52,1.04,,,1.0666,-0.0,0.0002,cone,none,1.5,0.0,3.61
clear,53,1.06,,,1.0654,-0.0,0.0002,cone,none,1.5,0.0,4.28
clear,54,1.08,,,1.065,-0.0001,0.0001,cone,none,1.5,0.0,3.64
clear,55,1.1,,,1.0656,-0.0001,0.0001,cone,none,1.5,0.0,4.02
clear,56,1.12,,,1.0661,-0.0001,0.0001,cone,none,1.5,0.0,3.79
clear,57,1.14,,,1.0661,-0.0001,0.0,cone,none,1.5,0.0,4.04
clear,58,1.16,,,1.0658,-0.0,0.0,cone,none,1.5,0.0,4.02
clear,59,1.18,,,1.0657,-0.0,0.0,cone,none,1.5,0.0,4.35
clear,60,1.2,,,1.0658,-0.0,0.0,cone,none,1.5,0.0,3.75
clear,61,1.22,,,1.0658,-0.0,0.0,cone,none,1.5,0.0,4.16
clear,62,1.24,,,1.0655,-0.0,0.0,cone,none,1.5,0.0,4.11
clear,63,1.26,,,1.0654,-0.0,0.0,cone,none,1.5,0.0,3.62
clear,64,1.28,,,1.0656,-0.0,0.0,cone,none,1.5,0.0,3.44
clear,65,1.3,,,1.0658,-0.0,0.0,cone,none,1.5,0.0,3.51
clear,66,1.32,,,1.0658,-0.0,0.0,cone,none,1.5,0.0,3.7
clear,67,1.34,,,1.0656,-0.0,0.0,cone,none,1.5,0.0,3.53
clear,68,1.36,,,1.0655,-0.0,0.0,cone,none,1.5,0.0,3.52
clear,69,1.38,,,1.0656,-0.0,0.0,cone,none,1.5,0.0,3.51
clear,70,1.4,,,1.0657,-0.0,0.0,cone,none,1.5,0.0,3.63
clear,71,1.42,,,1.0657,-0.0,0.0,cone,none,1.5,0.0,3.63
clear,72,1.44,,,1.0656,-0.0,0.0,cone,none,1.5,0.0,3.43
clear,73,1.46,,,1.0656,0.0,0.0,cone,none,1.5,0.0,3.78
clear,74,1.48,,,1.0656,0.0,0.0,cone,none,1.5,0.0,3.46
clear,75,1.5,,,1.0656,0.0,-0.0,cone,none,1.5,0.0,3.74
clear,76,1.52,,,1.0657,0.0,0.0,cone,none,1.5,0.0,3.81
clear,77,1.54,,,1.0656,-0.0,0.0,cone,none,1.5,0.0,3.45
clear,78,1.56,,,1.0656,0.0,0.0,cone,none,1.5,0.0,3.51
clear,79,1.58,,,1.0656,0.0,0.0,cone,none,1.5,0.0,3.72
clear,80,1.6,,,1.0656,0.0,0.0,cone,none,1.5,0.0,3.79
clear,81,1.62,,,1.0657,-0.0,0.0,cone,none,1.5,0.0,3.61
clear,82,1.64,,,1.0656,-0.0,0.0,cone,none,1.5,0.0,3.67
clear,83,1.66,,,1.0656,-0.0,0.0,cone,none,1.5,0.0,3.58
clear,84,1.68,,,1.0656,0.0,0.0,cone,none,1.5,0.0,3.95
clear,85,1.7,,,1.0657,0.0,0.0,cone,none,1.5,0.0,3.65
clear,86,1.72,,,1.0657,0.0,0.0,cone,none,1.5,0.0,3.38
clear,87,1.74,,,1.0656,0.0,0.0,cone,none,1.5,0.0,3.43
clear,88,1.76,,,1.0655,0.0,0.0,cone,none,1.5,0.0,3.95
clear,89,1.78,,,1.0656,0.0,0.0,cone,none,1.5,0.0,4.01
clear,90,1.8,,,1.0656,0.0,0.0,cone,none,1.5,0.0,3.72
clear,91,1.82,,,1.0656,0.0,0.0,cone,none,1.5,0.0,3.72
clear,92,1.84,,,1.0656,-0.0,0.0,cone,none,1.5,0.0,3.73
clear,93,1.86,,,1.0656,-0.0,-0.0,cone,none,1.5,0.0,4.07
clear,94,1.88,,,1.0655,-0.0,0.0,cone,none,1.5,0.0,3.72
clear,95,1.9,,,1.0656,-0.0,0.0,cone,none,1.5,0.0,3.57
clear,96,1.92,,,1.0656,0.0,0.0,cone,none,1.5,0.0,4.03
clear,97,1.94,,,1.0656,0.0,0.0,cone,none,1.5,0.0,4.01
clear,98,1.96,,,1.0655,0.0,-0.0,cone,none,1.5,0.0,3.75
clear,99,1.98,,,1.0656,0.0,0.0,cone,none,1.5,0.0,3.66
clear,100,2.0,,,1.0656,-0.0,0.0,cone,none,1.5,0.0,3.76
clear,101,2.02,,,1.0656,-0.0,0.0,cone,none,1.5,0.0,4.14
clear,102,2.04,,,1.0656,0.0,0.0,cone,none,1.5,0.0,3.69
clear,103,2.06,,,1.0656,-0.0,0.0,cone,none,1.5,0.0,3.64
clear,104,2.08,,,1.0656,-0.0,0.0,cone,none,1.5,0.0,3.48
clear,105,2.1,,,1.0656,-0.0,0.0,cone,none,1.5,0.0,3.64
clear,106,2.12,,,1.0656,-0.0,0.0,cone,none,1.5,0.0,4.18
clear,107,2.14,,,1.0656,-0.0,0.0,cone,none,1.5,0.0,3.85
clear,108,2.16,,,1.0656,-0.0,0.0,cone,none,1.5,0.0,4.08
clear,109,2.18,,,1.0656,0.0,0.0,cone,none,1.5,0.0,4.02
clear,110,2.2,,,1.0656,0.0,0.0,cone,none,1.5,0.0,4.21
clear,111,2.22,,,1.0656,0.0,0.0,cone,none,1.5,0.0,3.59
clear,112,2.24,,,1.0656,-0.0,0.0,cone,none,1.5,0.0,3.41
clear,113,2.26,,,1.0656,0.0,0.0,cone,none,1.5,0.0,3.46
clear,114,2.28,,,1.0656,0.0,0.0,cone,none,1.5,0.0,4.04
clear,115,2.3,,,1.0656,0.0,0.0,cone,none,1.5,0.0,3.99
clear,116,2.32,,,1.0656,0.0,-0.0,cone,none,1.5,0.0,3.84
clear,117,2.34,,,1.0656,-0.0,-0.0,cone,none,1.5,0.0,3.73
clear,118,2.36,,,1.0656,-0.0,-0.0,cone,none,1.5,0.0,4.06
clear,119,2.38,,,1.0656,-0.0,-0.0,cone,none,1.5,0.0,4.3
clear,120,2.4,,,1.0656,-0.0,0.0,cone,none,1.5,0.0,3.78
clear,121,2.42,,,1.0656,-0.0,0.0,cone,none,1.5,0.0,4.11
clear,122,2.44,,,1.0656,0.0,0.0,cone,none,1.5,0.0,4.34
clear,123,2.46,,,1.0656,0.0,0.0,cone,none,1.5,0.0,4.09
clear,124,2.48,,,1.0656,-0.0,0.0,cone,none,1.5,0.0,3.77
clear,125,2.5,,,1.0656,-0.0,-0.0,cone,none,1.5,0.0,3.61
clear,126,2.52,,,1.0656,-0.0,0.0,cone,none,1.5,0.0,4.18
clear,127,2.54,,,1.0656,-0.0,0.0,cone,none,1.5,0.0,4.06
clear,128,2.56,,,1.0656,-0.0,0.0,cone,none,1.5,0.0,3.75
clear,129,2.58,,,1.0655,-0.0,0.0,cone,none,1.5,0.0,3.66
clear,130,2.6,,,1.0656,-0.0,0.0,cone,none,1.5,0.0,3.9
clear,131,2.62,,,1.0656,-0.0,0.0,cone,none,1.5,0.0,4.28
clear,132,2.64,,,1.0656,0.0,0.0,cone,none,1.5,0.0,3.84
clear,133,2.66,,,1.0656,0.0,-0.0,cone,none,1.5,0.0,4.04
clear,134,2.68,,,1.0656,0.0,-0.0,cone,none,1.5,0.0,3.85
clear,135,2.7,,,1.0656,-0.0,-0.0,cone,none,1.5,0.0,4.28
clear,136,2.72,,,1.0656,0.0,0.0,cone,none,1.5,0.0,3.76
clear,137,2.74,,,1.0656,0.0,0.0,cone,none,1.5,0.0,3.68
clear,138,2.76,,,1.0656,0.0,0.0,cone,none,1.5,0.0,3.61
clear,139,2.78,,,1.0656,-0.0,0.0,cone,none,1.5,0.0,4.25
clear,140,2.8,,,1.0656,0.0,-0.0,cone,none,1.5,0.0,4.01
clear,141,2.82,,,1.0656,0.0,-0.0,cone,none,1.5,0.0,3.5
clear,142,2.84,,,1.0656,0.0,-0.0,cone,none,1.5,0.0,3.48
clear,143,2.86,,,1.0656,0.0,0.0,cone,none,1.5,0.0,4.04
clear,144,2.88,,,1.0656,0.0,0.0,cone,none,1.5,0.0,4.14
clear,145,2.9,,,1.0656,0.0,0.0,cone,none,1.5,0.0,3.69
clear,146,2.92,,,1.0656,-0.0,0.0,cone,none,1.5,0.0,3.39
clear,147,2.94,,,1.0656,-0.0,0.0,cone,none,1.5,0.0,3.82
clear,148,2.96,,,1.0656,-0.0,0.0,cone,none,1.5,0.0,3.9
clear,149,2.98,,,1.0656,-0.0,-0.0,cone,none,1.5,0.0,3.79
clear,150,3.0,,,1.0656,0.0,-0.0,cone,none,1.5,0.0,3.85
clear,151,3.02,,,1.0656,0.0,-0.0,cone,none,1.5,0.0,3.65
clear,152,3.04,,,1.0655,0.0,-0.0,cone,none,1.5,0.0,4.08
clear,153,3.06,,,1.0656,0.0,-0.0,cone,none,1.5,0.0,3.88
clear,154,3.08,,,1.0656,0.0,-0.0,cone,none,1.5,0.0,3.84
clear,155,3.1,,,1.0656,0.0,0.0,cone,none,1.5,0.0,3.69
clear,156,3.12,,,1.0656,-0.0,0.0,cone,none,1.5,0.0,4.06
clear,157,3.14,,,1.0656,-0.0,0.0,cone,none,1.5,0.0,4.3
clear,158,3.16,,,1.0656,0.0,0.0,cone,none,1.5,0.0,3.95
clear,159,3.18,,,1.0656,0.0,0.0,cone,none,1.5,0.0,3.64
clear,160,3.2,,,1.0656,0.0,0.0,cone,none,1.5,0.0,4.38
clear,161,3.22,,,1.0656,-0.0,0.0,cone,none,1.5,0.0,4.02
clear,162,3.24,,,1.0656,-0.0,-0.0,cone,none,1.5,0.0,3.77
clear,163,3.26,,,1.0656,0.0,0.0,cone,none,1.5,0.0,3.64
clear,164,3.28,,,1.0656,0.0,0.0,cone,none,1.5,0.0,3.88
clear,165,3.3,,,1.0656,-0.0,0.0,cone,none,1.5,0.0,3.95
clear,166,3.32,,,1.0656,-0.0,0.0,cone,none,1.5,0.0,3.68
clear,167,3.34,,,1.0656,-0.0,0.0,cone,none,1.5,0.0,3.69
clear,168,3.36,,,1.0656,0.0,0.0,cone,none,1.5,0.0,3.46
clear,169,3.38,,,1.0656,0.0,0.0,cone,none,1.5,0.0,3.73
clear,170,3.4,,,1.0656,0.0,0.0,cone,none,1.5,0.0,3.61
clear,171,3.42,,,1.0656,0.0,0.0,cone,none,1.5,0.0,3.69
clear,172,3.44,,,1.0656,0.0,0.0,cone,none,1.5,0.0,3.63
clear,173,3.46,,,1.0656,0.0,0.0,cone,none,1.5,0.0,4.13
clear,174,3.48,,,1.0656,0.0,-0.0,cone,none,1.5,0.0,4.07
clear,175,3.5,,,1.0656,0.0,-0.0,cone,none,1.5,0.0,3.81
clear,176,3.52,,,1.0656,0.0,-0.0,cone,none,1.5,0.0,3.42
clear,177,3.54,,,1.0656,-0.0,0.0,cone,none,1.5,0.0,3.48
clear,178,3.56,,,1.0656,-0.0,0.0,cone,none,1.5,0.0,4.05
clear,179,3.58,,,1.0656,0.0,0.0,cone,none,1.5,0.0,3.81
clear,180,3.6,,,1.0656,-0.0,0.0,cone,none,1.5,0.0,3.72
clear,181,3.62,,,1.0656,-0.0,0.0,cone,none,1.5,0.0,3.63
clear,182,3.64,,,1.0656,-0.0,-0.0,cone,none,1.5,0.0,4.26
clear,183,3.66,,,1.0656,0.0,-0.0,cone,none,1.5,0.0,3.76
clear,184,3.68,,,1.0656,0.0,0.0,cone,none,1.5,0.0,3.75
clear,185,3.7,,,1.0656,0.0,0.0,cone,none,1.5,0.0,3.75
clear,186,3.72,,,1.0656,0.0,0.0,cone,none,1.5,0.0,4.06
clear,187,3.74,,,1.0656,0.0,0.0,cone,none,1.5,0.0,4.42
clear,188,3.76,,,1.0656,0.0,-0.0,cone,none,1.5,0.0,3.77
clear,189,3.78,,,1.0656,0.0,-0.0,cone,none,1.5,0.0,3.48
clear,190,3.8,,,1.0656,0.0,-0.0,cone,none,1.5,0.0,3.91
clear,191,3.82,,,1.0656,0.0,0.0,cone,none,1.5,0.0,3.95
clear,192,3.84,,,1.0656,0.0,0.0,cone,none,1.5,0.0,3.8
clear,193,3.86,,,1.0656,0.0,-0.0,cone,none,1.5,0.0,3.67
clear,194,3.88,,,1.0656,-0.0,0.0,cone,none,1.5,0.0,3.71
clear,195,3.9,,,1.0656,-0.0,0.0,cone,none,1.5,0.0,4.0
clear,196,3.92,,,1.0656,-0.0,0.0,cone,none,1.5,0.0,3.89
clear,197,3.94,,,1.0656,0.0,0.0,cone,none,1.5,0.0,3.67
clear,198,3.96,,,1.0656,-0.0,0.0,cone,none,1.5,0.0,3.61
clear,199,3.98,,,1.0656,0.0,0.0,cone,none,1.5,0.0,4.0
clear,200,4.0,,,1.0656,0.0,0.0,cone,none,1.5,0.0,3.91
clear,201,4.02,,,1.0656,-0.0,0.0,cone,none,1.5,0.0,3.87
clear,202,4.04,,,1.0656,0.0,0.0,cone,none,1.5,0.0,3.67
clear,203,4.06,,,1.0656,-0.0,0.0,cone,none,1.5,0.0,3.71
clear,204,4.08,,,1.0656,0.0,0.0,cone,none,1.5,0.0,4.2
clear,205,4.1,,,1.0656,-0.0,-0.0,cone,none,1.5,0.0,3.72
clear,206,4.12,,,1.0656,-0.0,0.0,cone,none,1.5,0.0,3.9
clear,207,4.14,,,1.0656,0.0,0.0,cone,none,1.5,0.0,3.85
clear,208,4.16,,,1.0656,0.0,0.0,cone,none,1.5,0.0,4.44
clear,209,4.18,,,1.0656,0.0,0.0,cone,none,1.5,0.0,4.01
clear,210,4.2,,,1.0656,-0.0,0.0,cone,none,1.5,0.0,3.73
clear,211,4.22,,,1.0656,-0.0,-0.0,cone,none,1.5,0.0,3.78
clear,212,4.24,,,1.0656,-0.0,-0.0,cone,none,1.5,0.0,4.55
clear,213,4.26,,,1.0656,-0.0,0.0,cone,none,1.5,0.0,4.03
clear,214,4.28,,,1.0656,-0.0,-0.0,cone,none,1.5,0.0,3.73
clear,215,4.3,,,1.0656,-0.0,-0.0,cone,none,1.5,0.0,3.69
clear,216,4.32,,,1.0655,-0.0,-0.0,cone,none,1.5,0.0,3.79
clear,217,4.34,,,1.0656,-0.0,-0.0,cone,none,1.5,0.0,3.92
clear,218,4.36,,,1.0656,-0.0,-0.0,cone,none,1.5,0.0,3.59
clear,219,4.38,,,1.0656,-0.0,0.0,cone,none,1.5,0.0,3.63
clear,220,4.4,,,1.0656,-0.0,0.0,cone,none,1.5,0.0,3.78
clear,221,4.42,,,1.0656,-0.0,0.0,cone,none,1.5,0.0,3.96
clear,222,4.44,,,1.0656,-0.0,0.0,cone,none,1.5,0.0,3.69
clear,223,4.46,,,1.0656,-0.0,0.0,cone,none,1.5,0.0,3.64
clear,224,4.48,,,1.0656,0.0,0.0,cone,none,1.5,0.0,3.69
clear,225,4.5,,,1.0656,0.0,0.0,cone,none,1.5,0.0,4.12
clear,226,4.52,,,1.0656,0.0,0.0,cone,none,1.5,0.0,3.93
clear,227,4.54,,,1.0656,-0.0,0.0,cone,none,1.5,0.0,3.63
clear,228,4.56,,,1.0656,-0.0,-0.0,cone,none,1.5,0.0,3.64
clear,229,4.58,,,1.0656,0.0,-0.0,cone,none,1.5,0.0,4.05
clear,230,4.6,,,1.0656,0.0,0.0,cone,none,1.5,0.0,3.73
clear,231,4.62,,,1.0656,0.0,-0.0,cone,none,1.5,0.0,3.64
clear,232,4.64,,,1.0656,0.0,-0.0,cone,none,1.5,0.0,3.68
clear,233,4.66,,,1.0656,0.0,-0.0,cone,none,1.5,0.0,3.89
clear,234,4.68,,,1.0656,0.0,-0.0,cone,none,1.5,0.0,3.96
clear,235,4.7,,,1.0656,0.0,-0.0,cone,none,1.5,0.0,3.77
clear,236,4.72,,,1.0656,-0.0,0.0,cone,none,1.5,0.0,3.93
clear,237,4.74,,,1.0656,-0.0,0.0,cone,none,1.5,0.0,3.96
clear,238,4.76,,,1.0656,0.0,0.0,cone,none,1.5,0.0,4.23
clear,239,4.78,,,1.0656,0.0,0.0,cone,none,1.5,0.0,3.87
clear,240,4.8,,,1.0656,0.0,0.0,cone,none,1.5,0.0,3.9
clear,241,4.82,,,1.0656,0.0,0.0,cone,none,1.5,0.0,3.96
clear,242,4.84,,,1.0656,0.0,0.0,cone,none,1.5,0.0,4.3
clear,243,4.86,,,1.0656,0.0,0.0,cone,none,1.5,0.0,4.01
clear,244,4.88,,,1.0656,0.0,0.0,cone,none,1.5,0.0,3.43
clear,245,4.9,,,1.0656,-0.0,0.0,cone,none,1.5,0.0,3.68
clear,246,4.92,,,1.0656,-0.0,0.0,cone,none,1.5,0.0,4.24
clear,247,4.94,,,1.0656,-0.0,0.0,cone,none,1.5,0.0,3.9
clear,248,4.96,,,1.0656,0.0,0.0,cone,none,1.5,0.0,3.79
clear,249,4.98,,,1.0656,-0.0,0.0,cone,none,1.5,0.0,3.47
debris ahead,0,0.0,6.0,3.833,0.0378,0.0003,0.0002,cone,none,1.5,0.0,3.35
debris ahead,1,0.02,6.0,3.833,0.0426,0.0004,0.0003,cone,none,1.5,0.0,3.53
debris ahead,2,0.04,6.0,3.833,11.4285,-0.07,-0.0203,cone,none,1.5,0.0,3.49
debris ahead,3,0.06,6.0,3.833,15.8428,1.8404,-0.3443,cone,none,1.5,0.0,3.93
debris ahead,4,0.08,6.0,3.833,15.0225,4.5993,-0.3015,cone,none,1.5,0.0,3.96
debris ahead,5,0.1,6.0,3.833,14.2605,4.9852,-0.0852,cone,none,1.5,0.0,3.81
debris ahead,6,0.12,6.0,3.833,19.0329,1.5117,0.1256,cone,none,1.5,0.0,3.79
debris ahead,7,0.14,6.0,3.833,16.7078,-1.299,0.2285,cone,none,1.5,0.0,3.86
debris ahead,8,0.16,6.0,3.833,11.0832,-1.7202,0.1932,cone,none,1.5,0.0,4.14
debris ahead,9,0.18,6.0,3.833,10.3245,-1.5287,0.0693,cone,none,1.5,0.0,3.68
debris ahead,10,0.2,6.0,3.833,9.9438,-1.9923,0.0094,cone,none,1.5,0.0,3.74
debris ahead,11,0.22,6.0,3.833,9.3212,-2.433,0.0019,cone,none,1.5,0.0,3.89
debris ahead,12,0.24,6.0,3.833,8.8928,-2.5039,-0.0002,cone,none,1.5,0.0,4.35
debris ahead,13,0.26,6.0,3.833,8.4834,-2.2698,0.0217,cone,none,1.5,0.0,3.75
debris ahead,14,0.28,6.0,3.833,8.3373,-1.8934,0.0039,cone,none,1.5,0.0,3.93
debris ahead,15,0.3,6.0,3.833,8.2903,-1.529,-0.0149,cone,none,1.5,0.0,3.64
debris ahead,16,0.32,6.0,3.833,8.1351,-1.2028,-0.0218,cone,none,1.5,0.0,4.1
debris ahead,17,0.34,6.0,3.833,7.6172,-0.9214,-0.0208,cone,none,1.5,0.0,4.06
debris ahead,18,0.36,6.0,3.833,7.223,-0.6946,-0.0202,cone,none,1.5,0.0,3.73
debris ahead,19,0.38,6.0,3.833,7.2122,-0.5194,-0.0194,cone,none,1.5,0.0,3.62
debris ahead,20,0.4,6.0,3.833,7.3252,-0.3902,-0.0186,cone,none,1.5,0.0,4.16
debris ahead,21,0.42,6.0,3.833,7.2675,-0.2978,-0.0226,cone,none,1.5,0.0,3.79
debris ahead,22,0.44,6.0,3.833,7.0086,-0.229,-0.0296,cone,none,1.5,0.0,3.72
debris ahead,23,0.46,6.0,3.833,6.7805,-0.1811,-0.0345,cone,none,1.5,0.0,3.62
debris ahead,24,0.48,6.0,3.833,6.7471,-0.1447,-0.0361,cone,none,1.5,0.0,3.69
debris ahead,25,0.5,6.0,3.833,6.8599,-0.1121,-0.0352,cone,none,1.5,0.0,3.88
debris ahead,26,0.52,6.0,3.833,6.9691,-0.0832,-0.0331,cone,none,1.5,0.0,3.77
debris ahead,27,0.54,6.0,3.833,6.9307,-0.0605,-0.0304,cone,none,1.5,0.0,3.52
debris ahead,28,0.56,6.0,3.833,6.8198,-0.0456,-0.0275,cone,none,1.5,0.0,3.45
debris ahead,29,0.58,6.0,3.833,6.7557,-0.0362,-0.0244,cone,none,1.5,0.0,4.07
debris ahead,30,0.6,6.0,3.833,6.775,-0.0286,-0.0207,cone,none,1.5,0.0,4.0
debris ahead,31,0.62,6.0,3.833,6.8209,-0.0217,-0.0165,cone,none,1.5,0.0,3.67
debris ahead,32,0.64,6.0,3.833,6.8177,-0.0156,-0.0124,cone,none,1.5,0.0,3.65
debris ahead,33,0.66,6.0,3.833,6.7779,-0.0111,-0.0093,cone,none,1.5,0.0,3.94
debris ahead,34,0.68,6.0,3.833,6.7477,-0.0085,-0.0072,cone,none,1.5,0.0,3.8
debris ahead,35,0.7,6.0,3.833,6.7477,-0.0071,-0.0058,cone,none,1.5,0.0,3.82
debris ahead,36,0.72,6.0,3.833,6.7639,-0.0063,-0.0048,cone,none,1.5,0.0,3.73
debris ahead,37,0.74,6.0,3.833,6.7717,-0.0054,-0.0038,cone,none,1.5,0.0,4.18
debris ahead,38,0.76,6.0,3.833,6.7682,-0.0046,-0.003,cone,none,1.5,0.0,4.36
debris ahead,39,0.78,6.0,3.833,6.7626,-0.004,-0.0024,cone,none,1.5,0.0,3.89
debris ahead,40,0.8,6.0,3.833,6.7625,-0.0038,-0.0021,cone,none,1.5,0.0,4.06
debris ahead,41,0.82,6.0,3.833,6.765,-0.0039,-0.0021,cone,none,1.5,0.0,3.81
debris ahead,42,0.84,6.0,3.833,6.7653,-0.0045,-0.0023,cone,none,1.5,0.0,3.77
debris ahead,43,0.86,6.0,3.833,6.7638,-0.0051,-0.0026,cone,none,1.5,0.0,3.76
debris ahead,44,0.88,6.0,3.833,6.7629,-0.0056,-0.0028,cone,none,1.5,0.0,3.62
debris ahead,45,0.9,6.0,3.833,6.7631,-0.006,-0.003,cone,none,1.5,0.0,3.6
debris ahead,46,0.92,6.0,3.833,6.7627,-0.0063,-0.003,cone,none,1.5,0.0,4.19
debris ahead,47,0.94,6.0,3.833,6.7612,-0.0066,-0.0031,cone,none,1.5,0.0,4.05
debris ahead,48,0.96,6.0,3.833,6.7604,-0.0067,-0.0031,cone,none,1.5,0.0,3.98
debris ahead,49,0.98,6.0,3.833,6.7614,-0.0067,-0.003,cone,none,1.5,0.0,3.97
debris ahead,50,1.0,6.0,3.833,6.763,-0.0066,-0.0028,cone,none,1.5,0.0,4.38
debris ahead,51,1.02,5.97,3.813,6.7634,-0.0064,-0.0027,cone,none,1.5,0.0,4.13
debris ahead,52,1.04,5.94,3.793,6.7626,-0.0061,-0.0025,cone,none,1.5,0.0,3.72
debris ahead,53,1.06,5.91,3.773,6.7618,-0.0057,-0.0023,cone,none,1.5,0.0,3.76
debris ahead,54,1.08,5.88,3.753,6.7621,-0.0053,-0.0021,cone,none,1.5,0.0,4.1
debris ahead,55,1.1,5.85,3.733,6.763,-0.0049,-0.0019,cone,none,1.5,0.0,3.96
debris ahead,56,1.12,5.82,3.713,6.7633,-0.0045,-0.0016,cone,none,1.5,0.0,3.67
debris ahead,57,1.14,5.79,3.693,6.7627,-0.0041,-0.0015,cone,none,1.5,0.0,3.7
debris ahead,58,1.16,5.76,3.673,6.7621,-0.0037,-0.0013,cone,none,1.5,0.0,3.95
debris ahead,59,1.18,5.73,3.653,6.7622,-0.0034,-0.0011,cone,none,1.5,0.0,3.93
debris ahead,60,1.2,5.7,3.633,6.7625,-0.0029,-0.001,cone,none,1.5,0.0,3.7
debris ahead,61,1.22,5.67,3.613,6.7627,-0.0026,-0.0008,cone,none,1.5,0.0,3.43
debris ahead,62,1.24,5.64,3.593,5.7382,0.0424,0.0078,cone,none,1.5,0.0,3.69
debris ahead,63,1.26,5.61,3.573,8.0165,1.4291,-0.2727,cone,brake,0.0,0.0,3.74
debris ahead,64,1.28,5.58,3.553,16.3389,4.2238,-0.1632,cone,brake,0.0,0.0,3.88
debris ahead,65,1.3,5.55,3.533,21.8382,5.6042,0.8094,cone,brake,0.0,0.0,3.87
debris ahead,66,1.32,5.52,3.513,19.3506,3.3745,1.5415,cone,brake,0.0,0.0,3.7
debris ahead,67,1.34,5.49,3.493,14.8881,-0.3992,1.2718,cone,brake,0.0,0.0,3.65
debris ahead,68,1.36,5.46,3.473,12.3911,-2.0636,0.7827,cone,brake,0.0,0.0,4.06
debris ahead,69,1.38,5.43,3.453,12.8592,-2.3501,0.4335,cone,brake,0.0,0.0,3.72
debris ahead,70,1.4,5.4,3.433,14.3052,-2.1793,0.1365,cone,brake,0.0,0.0,3.47
debris ahead,71,1.42,5.37,3.413,14.2204,-2.107,-0.0067,cone,brake,0.0,0.0,3.62
debris ahead,72,1.44,5.34,3.393,13.1899,-2.0868,-0.0798,cone,brake,0.0,0.0,3.71
debris ahead,73,1.46,5.31,3.373,12.3717,-1.9221,-0.1076,cone,brake,0.0,0.0,3.83
debris ahead,74,1.48,5.28,3.353,12.3587,-1.6344,-0.1082,cone,brake,0.0,0.0,3.66
debris ahead,75,1.5,5.25,3.333,13.0477,-1.3465,-0.0952,cone,brake,0.0,0.0,3.62
debris ahead,76,1.52,5.22,3.313,13.3063,-1.1091,-0.0721,cone,brake,0.0,0.0,3.59
debris ahead,77,1.54,5.19,3.293,12.5951,-0.9576,-0.0427,cone,brake,0.0,0.0,3.61
debris ahead,78,1.56,5.16,3.273,11.851,-0.843,-0.0151,cone,brake,0.0,0.0,3.68
debris ahead,79,1.58,5.13,3.253,11.635,-0.7311,0.0021,cone,brake,0.0,0.0,3.53
debris ahead,80,1.6,5.1,3.233,11.905,-0.6173,0.0093,cone,brake,0.0,0.0,3.71
debris ahead,81,1.62,5.07,3.213,12.236,-0.51,0.0137,cone,brake,0.0,0.0,3.74
debris ahead,82,1.64,5.04,3.193,12.2191,-0.4146,0.0128,cone,brake,0.0,0.0,3.75
debris ahead,83,1.66,5.01,3.173,11.9916,-0.3517,0.011,cone,brake,0.0,0.0,3.6
debris ahead,84,1.68,4.98,3.153,11.8151,-0.313,0.0111,cone,brake,0.0,0.0,3.46
debris ahead,85,1.7,4.95,3.133,11.8008,-0.2777,0.0088,cone,brake,0.0,0.0,3.91
debris ahead,86,1.72,4.92,3.113,11.9126,-0.2386,0.0054,cone,brake,0.0,0.0,3.99
debris ahead,87,1.74,4.89,3.093,11.9945,-0.1953,0.0008,cone,brake,0.0,0.0,3.58
debris ahead,88,1.76,4.86,3.073,11.9606,-0.1596,-0.0028,cone,brake,0.0,0.0,3.84
debris ahead,89,1.78,4.83,3.053,11.8838,-0.1382,-0.0041,cone,brake,0.0,0.0,4.15
debris ahead,90,1.8,4.8,3.033,11.8469,-0.1255,-0.004,cone,brake,0.0,0.0,4.4
debris ahead,91,1.82,4.77,3.013,11.8623,-0.1131,-0.0039,cone,saccade_right,0.0,180.0,3.89
debris ahead,92,1.84,4.74,2.993,11.8943,-0.0978,-0.0044,cone,saccade_right,0.0,180.0,3.69
debris ahead,93,1.86,4.71,2.973,11.9016,-0.0813,-0.005,cone,saccade_right,0.0,180.0,3.93
debris ahead,94,1.88,4.68,2.953,11.8833,-0.0672,-0.0056,cone,saccade_right,0.0,180.0,4.03
debris ahead,95,1.9,4.65,2.933,11.8684,-0.0576,-0.0057,cone,saccade_right,0.0,180.0,3.72
debris ahead,96,1.92,4.62,2.913,11.8738,-0.0509,-0.0057,cone,saccade_right,0.0,180.0,3.57
debris ahead,97,1.94,4.59,2.893,11.8893,-0.0451,-0.0058,cone,saccade_right,0.0,180.0,3.47
debris ahead,98,1.96,4.56,2.873,11.8976,-0.039,-0.0059,cone,saccade_right,0.0,180.0,4.01
debris ahead,99,1.98,4.53,2.853,11.8935,-0.033,-0.006,cone,saccade_right,0.0,180.0,3.78
debris ahead,100,2.0,4.5,2.833,11.8853,-0.0279,-0.0061,cone,saccade_right,0.0,180.0,3.81
debris ahead,101,2.02,4.47,2.813,11.8828,-0.0241,-0.0059,cone,saccade_right,0.0,180.0,4.02
debris ahead,102,2.04,4.44,2.793,11.8873,-0.0213,-0.0056,cone,saccade_right,0.0,180.0,4.24
debris ahead,103,2.06,4.41,2.773,11.8931,-0.0187,-0.0052,cone,saccade_right,0.0,180.0,4.15
debris ahead,104,2.08,4.38,2.753,11.8947,-0.0163,-0.0048,cone,saccade_right,0.0,180.0,3.67
debris ahead,105,2.1,4.35,2.733,11.892,-0.0139,-0.0043,cone,saccade_right,0.0,180.0,3.37
debris ahead,106,2.12,4.32,2.713,11.889,-0.012,-0.0038,cone,saccade_right,0.0,180.0,3.62
debris ahead,107,2.14,4.29,2.693,11.8887,-0.0104,-0.0034,cone,saccade_right,0.0,180.0,4.39
debris ahead,108,2.16,4.26,2.673,11.8907,-0.009,-0.003,cone,saccade_right,0.0,180.0,3.7
debris ahead,109,2.18,4.23,2.653,11.8931,-0.0079,-0.0026,cone,saccade_right,0.0,180.0,3.73
debris ahead,110,2.2,4.2,2.633,11.8939,-0.0068,-0.0022,cone,saccade_right,0.0,180.0,3.85
debris ahead,111,2.22,4.17,2.613,11.8932,-0.0059,-0.0019,cone,saccade_right,0.0,180.0,4.25
debris ahead,112,2.24,4.14,2.593,11.8922,-0.005,-0.0016,cone,saccade_right,0.0,180.0,3.59
debris ahead,113,2.26,4.11,2.573,11.8919,-0.0043,-0.0014,cone,saccade_right,0.0,180.0,3.84
debris ahead,114,2.28,4.08,2.553,11.8924,-0.0037,-0.0011,cone,saccade_right,0.0,180.0,3.64
debris ahead,115,2.3,4.05,2.533,11.8932,-0.0032,-0.001,cone,saccade_right,0.0,180.0,4.52
debris ahead,116,2.32,4.02,2.513,11.8936,-0.0027,-0.0008,cone,none,1.5,0.0,4.02
debris ahead,117,2.34,3.99,2.493,8.8574,-0.0335,-0.0042,cone,none,1.5,0.0,3.7
debris ahead,118,2.36,3.96,2.473,18.2734,4.3554,0.2346,cone,none,1.5,0.0,3.67
debris ahead,119,2.38,3.93,2.453,30.3688,8.5794,0.6088,cone,none,1.5,0.0,3.98
debris ahead,120,2.4,3.9,2.433,30.8496,7.9364,0.883,cone,none,1.5,0.0,3.81
debris ahead,121,2.42,3.87,2.413,24.3071,2.3201,0.6,cone,none,1.5,0.0,3.43
debris ahead,122,2.44,3.84,2.393,19.1584,-1.4164,0.4317,cone,none,1.5,0.0,3.66
debris ahead,123,2.46,3.81,2.373,18.0092,-2.3404,0.3918,cone,none,1.5,0.0,3.73
debris ahead,124,2.48,3.78,2.353,20.4365,-2.1113,0.2363,cone,none,1.5,0.0,3.77
debris ahead,125,2.5,3.75,2.333,21.8581,-1.7734,0.0427,cone,none,1.5,0.0,3.8
debris ahead,126,2.52,3.72,2.313,20.7088,-1.9403,0.0541,cone,none,1.5,0.0,3.67
debris ahead,127,2.54,3.69,2.293,19.023,-2.0595,0.0477,cone,none,1.5,0.0,3.72
debris ahead,128,2.56,3.66,2.273,18.4931,-1.9447,0.0683,cone,none,1.5,0.0,3.74
debris ahead,129,2.58,3.63,2.253,19.3223,-1.6939,0.0925,cone,none,1.5,0.0,3.86
debris ahead,130,2.6,3.6,2.233,20.0995,-1.4209,0.1231,cone,none,1.5,0.0,3.76
debris ahead,131,2.62,3.57,2.213,19.4304,-1.2102,0.1595,cone,none,1.5,0.0,3.61
debris ahead,132,2.64,3.54,2.193,18.3102,-1.06,0.1882,cone,none,1.5,0.0,3.99
debris ahead,133,2.66,3.51,2.173,17.77,-0.9365,0.196,cone,none,1.5,0.0,4.19
debris ahead,134,2.68,3.48,2.153,17.9412,-0.8165,0.1842,cone,none,1.5,0.0,3.79
debris ahead,135,2.7,3.45,2.133,18.4677,-0.6992,0.1642,cone,none,1.5,0.0,4.12
debris ahead,136,2.72,3.42,2.113,18.6195,-0.5872,0.1417,cone,none,1.5,0.0,4.2
debris ahead,137,2.74,3.39,2.093,18.3488,-0.4967,0.1191,cone,none,1.5,0.0,4.18
debris ahead,138,2.76,3.36,2.073,18.0735,-0.4328,0.1027,cone,none,1.5,0.0,3.84
debris ahead,139,2.78,3.33,2.053,18.0066,-0.3798,0.0865,cone,none,1.5,0.0,3.73
debris ahead,140,2.8,3.3,2.033,18.1334,-0.3286,0.0698,cone,none,1.5,0.0,3.95
debris ahead,141,2.82,3.27,2.013,18.2608,-0.2758,0.053,cone,none,1.5,0.0,4.39
debris ahead,142,2.84,3.24,1.993,18.2372,-0.2279,0.0375,cone,none,1.5,0.0,3.86
debris ahead,143,2.86,3.21,1.973,18.1266,-0.1927,0.0257,cone,none,1.5,0.0,3.69
debris ahead,144,2.88,3.18,1.953,18.0638,-0.1673,0.018,cone,none,1.5,0.0,3.86
debris ahead,145,2.9,3.15,1.933,18.0827,-0.1457,0.0119,cone,none,1.5,0.0,3.86
debris ahead,146,2.92,3.12,1.913,18.1338,-0.1247,0.0063,cone,none,1.5,0.0,3.84
debris ahead,147,2.94,3.09,1.893,13.8942,-0.0945,0.0203,cone,none,1.5,0.0,3.6
debris ahead,148,2.96,3.06,1.873,24.6295,5.0516,0.2827,cone,brake,0.0,0.0,3.66
debris ahead,149,2.98,3.03,1.853,38.7498,9.5272,1.0145,cone,brake,0.0,0.0,3.96
debris ahead,150,3.0,3.0,1.833,38.569,8.379,1.3986,cone,brake,0.0,0.0,3.62
debris ahead,151,3.02,2.97,1.813,30.5726,3.1283,1.0328,cone,brake,0.0,0.0,3.7
debris ahead,152,3.04,2.94,1.793,24.6862,-0.4083,0.8027,cone,brake,0.0,0.0,3.63
debris ahead,153,3.06,2.91,1.773,23.6289,-1.4317,0.6819,cone,brake,0.0,0.0,4.18
debris ahead,154,3.08,2.88,1.753,26.5824,-1.2913,0.4524,cone,brake,0.0,0.0,4.05
debris ahead,155,3.1,2.85,1.733,27.9457,-0.9602,0.1219,cone,brake,0.0,0.0,3.65
debris ahead,156,3.12,2.82,1.713,26.5938,-1.2322,0.084,cone,brake,0.0,0.0,3.44
debris ahead,157,3.14,2.79,1.693,24.93,-1.5663,0.0332,cone,brake,0.0,0.0,3.52
debris ahead,158,3.16,2.76,1.673,24.5685,-1.6745,-0.0082,cone,brake,0.0,0.0,4.27
debris ahead,159,3.18,2.73,1.653,25.4571,-1.5741,-0.0031,cone,brake,0.0,0.0,3.9
debris ahead,160,3.2,2.7,1.633,26.1717,-1.3812,0.0259,cone,brake,0.0,0.0,4.13
debris ahead,161,3.22,2.67,1.613,25.4414,-1.2103,0.0649,cone,brake,0.0,0.0,3.74
debris ahead,162,3.24,2.64,1.593,24.3448,-1.0852,0.0973,cone,brake,0.0,0.0,4.16
debris ahead,163,3.26,2.61,1.573,23.8811,-0.9893,0.111,cone,brake,0.0,0.0,3.68
debris ahead,164,3.28,2.58,1.553,24.1379,-0.8993,0.1068,cone,brake,0.0,0.0,3.8
debris ahead,165,3.3,2.55,1.533,24.6368,-0.7947,0.0949,cone,brake,0.0,0.0,3.72
debris ahead,166,3.32,2.52,1.513,19.0844,-0.5606,0.0625,cone,brake,0.0,0.0,3.87
debris ahead,167,3.34,2.49,1.493,29.5134,3.2106,0.2944,cone,brake,0.0,0.0,4.49
debris ahead,168,3.36,2.46,1.473,44.2541,6.0239,0.9051,cone,brake,0.0,0.0,3.55
debris ahead,169,3.38,2.43,1.453,44.2439,5.4834,1.1221,cone,brake,0.0,0.0,3.63
debris ahead,170,3.4,2.4,1.433,35.5797,2.3099,0.8776,cone,brake,0.0,0.0,4.01
debris ahead,171,3.42,2.37,1.413,29.0977,-0.0025,0.5796,cone,brake,0.0,0.0,4.15
debris ahead,172,3.44,2.34,1.393,27.8339,-0.7793,0.3826,cone,brake,0.0,0.0,3.72
debris ahead,173,3.46,2.31,1.373,31.2988,-0.8386,0.1702,cone,brake,0.0,0.0,3.47
debris ahead,174,3.48,2.28,1.353,33.4237,-0.6772,-0.0929,cone,brake,0.0,0.0,3.31
debris ahead,175,3.5,2.25,1.333,32.2512,-1.138,-0.2302,cone,brake,0.0,0.0,4.05
debris ahead,176,3.52,2.22,1.313,30.2171,-1.7065,-0.3027,cone,brake,0.0,0.0,3.53
debris ahead,177,3.54,2.19,1.293,29.4813,-2.0154,-0.3312,cone,brake,0.0,0.0,3.74
debris ahead,178,3.56,2.16,1.273,30.2835,-2.0178,-0.3252,cone,brake,0.0,0.0,3.64
debris ahead,179,3.58,2.13,1.253,24.9056,-1.3739,-0.2477,cone,brake,0.0,0.0,4.06
debris ahead,180,3.6,2.1,1.233,37.891,2.6826,-0.0598,cone,brake,0.0,0.0,4.06
debris ahead,181,3.62,2.07,1.213,53.8192,6.1254,-0.0175,cone,brake,0.0,0.0,3.72
debris ahead,182,3.64,2.04,1.193,52.756,5.6098,0.0191,cone,brake,0.0,0.0,3.77
debris ahead,183,3.66,2.01,1.173,43.1368,2.7548,-0.2272,cone,brake,0.0,0.0,3.86
debris ahead,184,3.68,1.98,1.153,35.9377,0.4246,-0.2063,cone,brake,0.0,0.0,4.2
debris ahead,185,3.7,1.95,1.133,34.5087,-0.5491,-0.1545,cone,brake,0.0,0.0,3.65
debris ahead,186,3.72,1.92,1.113,37.8863,-0.8043,-0.187,cone,brake,0.0,0.0,3.59
debris ahead,187,3.74,1.89,1.093,39.8963,-0.9084,-0.2749,cone,brake,0.0,0.0,3.89
debris ahead,188,3.76,1.86,1.073,38.525,-1.3861,-0.3846,cone,brake,0.0,0.0,4.03
debris ahead,189,3.78,1.83,1.053,29.1593,-1.0488,-0.2716,cone,brake,0.0,0.0,3.73
debris ahead,190,3.8,1.8,1.033,42.6989,2.2235,-0.2434,cone,brake,0.0,0.0,3.72
debris ahead,191,3.82,1.77,1.013,63.669,5.2403,-0.4017,cone,brake,0.0,0.0,3.84
debris ahead,192,3.84,1.74,0.993,64.3131,5.5664,-0.8846,cone,brake,0.0,0.0,4.51
debris ahead,193,3.86,1.71,0.973,51.8854,3.6346,-1.3148,cone,brake,0.0,0.0,4.01
debris ahead,194,3.88,1.68,0.953,42.8833,1.68,-1.2396,cone,brake,0.0,0.0,3.77
debris ahead,195,3.9,1.65,0.933,40.8579,0.4668,-0.8873,cone,brake,0.0,0.0,3.51
debris ahead,196,3.92,1.62,0.913,44.6691,-0.0869,-0.6869,cone,brake,0.0,0.0,3.64
debris ahead,197,3.94,1.59,0.893,38.4521,0.0166,-0.5776,cone,brake,0.0,0.0,3.92
debris ahead,198,3.96,1.56,0.873,50.4195,1.6961,-0.1257,cone,brake,0.0,0.0,3.75
debris ahead,199,3.98,1.53,0.853,65.6329,2.7547,-0.1233,cone,brake,0.0,0.0,3.58
debris ahead,200,4.0,1.5,0.833,64.6492,2.3675,-0.1761,cone,brake,0.0,0.0,3.58
debris ahead,201,4.02,1.47,0.813,54.3946,1.108,-0.2091,cone,brake,0.0,0.0,3.73
debris ahead,202,4.04,1.44,0.793,41.1217,0.4628,-0.3929,cone,brake,0.0,0.0,3.61
debris ahead,203,4.06,1.41,0.773,43.7585,0.3778,-0.3255,cone,brake,0.0,0.0,3.72
debris ahead,204,4.08,1.38,0.753,70.4989,1.9497,-0.2568,cone,brake,0.0,0.0,3.69
debris ahead,205,4.1,1.35,0.733,83.4537,2.423,-0.3339,cone,brake,0.0,0.0,3.37
debris ahead,206,4.12,1.32,0.713,73.0165,1.871,-0.2862,cone,brake,0.0,0.0,3.71
debris ahead,207,4.14,1.29,0.693,47.5796,1.183,-0.1656,cone,brake,0.0,0.0,3.49
debris ahead,208,4.16,1.26,0.673,57.8496,1.0317,-0.2963,cone,brake,0.0,0.0,3.62
debris ahead,209,4.18,1.23,0.653,89.069,1.7006,-0.8053,cone,brake,0.0,0.0,3.31
debris ahead,210,4.2,1.2,0.633,94.4615,1.9336,-1.2849,cone,brake,0.0,0.0,3.87
debris ahead,211,4.22,1.17,0.613,64.409,1.8421,-1.3466,cone,brake,0.0,0.0,3.65
debris ahead,212,4.24,1.14,0.593,63.0897,1.6216,-1.2315,cone,brake,0.0,0.0,3.47
debris ahead,213,4.26,1.11,0.573,81.2759,1.4979,-1.1001,cone,brake,0.0,0.0,3.75
debris ahead,214,4.28,1.08,0.553,75.9916,1.1867,-0.7916,cone,brake,0.0,0.0,3.7
debris ahead,215,4.3,1.05,0.533,84.1497,0.9902,-0.584,cone,brake,0.0,0.0,3.86
debris ahead,216,4.32,1.02,0.513,97.2378,0.8863,-0.4046,cone,brake,0.0,0.0,3.75
debris ahead,217,4.34,0.99,0.493,83.2407,0.7305,-0.2983,cone,brake,0.0,0.0,3.63
debris ahead,218,4.36,0.96,0.473,91.0467,0.7415,-0.3582,cone,brake,0.0,0.0,4.09
debris ahead,219,4.38,0.93,0.453,109.5302,0.8424,-0.4674,cone,brake,0.0,0.0,4.11
debris ahead,220,4.4,0.9,0.433,97.7873,0.8423,-0.5325,cone,brake,0.0,0.0,3.65
debris ahead,221,4.42,0.87,0.413,102.6115,0.8244,-0.5752,cone,brake,0.0,0.0,3.77
debris ahead,222,4.44,0.84,0.393,97.66,0.7492,0.2086,units,brake,0.0,0.0,3.88
debris ahead,223,4.46,0.81,0.373,119.4331,1.7305,0.1147,units,brake,0.0,0.0,4.35
debris ahead,224,4.48,0.78,0.353,123.3383,1.9695,0.314,units,brake,0.0,0.0,3.82
debris ahead,225,4.5,0.75,0.333,131.445,2.8079,0.2988,units,brake,0.0,0.0,3.46
debris ahead,226,4.52,0.72,0.313,162.196,3.3565,0.2905,units,brake,0.0,0.0,3.41
debris ahead,227,4.54,0.69,0.293,153.9774,3.804,0.2008,units,brake,0.0,0.0,3.63
debris ahead,228,4.56,0.66,0.273,145.7821,3.8568,0.2823,units,brake,0.0,0.0,3.89
debris ahead,229,4.58,0.63,0.253,181.6048,4.7615,0.411,units,brake,0.0,0.0,3.52
debris ahead,230,4.6,0.6,0.233,215.1082,6.8098,-0.5831,units,brake,0.0,0.0,3.54
debris ahead,231,4.62,0.57,0.213,224.2692,7.534,-1.1265,units,brake,0.0,0.0,3.36
debris ahead,232,4.64,0.54,0.193,245.6615,7.4363,-1.2642,units,brake,0.0,0.0,4.11
debris ahead,233,4.66,0.51,0.173,258.0732,7.1487,-1.4059,units,brake,0.0,0.0,3.68
debris ahead,234,4.68,0.48,0.153,255.4989,6.5426,-1.5104,units,brake,0.0,0.0,3.55
debris ahead,235,4.7,0.45,0.133,258.2946,5.7525,-1.3267,units,brake,0.0,0.0,3.63
debris ahead,236,4.72,0.42,0.113,323.6813,5.5147,-1.3797,units,brake,0.0,0.0,3.84
debris ahead,237,4.74,0.39,0.093,421.1017,5.3009,-1.9387,units,brake,0.0,0.0,3.82
debris ahead,238,4.76,0.36,0.073,508.7099,4.7475,-1.8333,units,brake,0.0,0.0,3.46
debris ahead,239,4.78,0.33,0.053,522.0848,4.0003,-1.6269,units,brake,0.0,0.0,3.65
debris ahead,240,4.8,0.3,0.033,541.8137,2.7693,-1.7611,units,brake,0.0,0.0,3.69
debris ahead,241,4.82,0.27,0.013,564.7008,2.3051,-1.1371,units,brake,0.0,0.0,3.83
post ahead,0,0.0,6.0,3.833,0.0378,0.0003,0.0002,cone,none,1.5,0.0,3.21
post ahead,1,0.02,6.0,3.833,0.0426,0.0004,0.0003,cone,none,1.5,0.0,3.8
post ahead,2,0.04,6.0,3.833,11.8801,-0.0214,0.0419,cone,none,1.5,0.0,4.06
post ahead,3,0.06,6.0,3.833,10.5797,-0.0327,0.0717,cone,none,1.5,0.0,4.15
post ahead,4,0.08,6.0,3.833,3.5526,-0.0223,0.0721,cone,none,1.5,0.0,3.8
post ahead,5,0.1,6.0,3.833,2.3697,-0.0156,0.0505,cone,none,1.5,0.0,3.71
post ahead,6,0.12,6.0,3.833,11.8095,-0.0096,0.0429,cone,none,1.5,0.0,4.33
post ahead,7,0.14,6.0,3.833,12.4243,0.0086,0.0566,cone,none,1.5,0.0,4.08
post ahead,8,0.16,6.0,3.833,5.3075,0.0227,0.0377,cone,none,1.5,0.0,3.87
post ahead,9,0.18,6.0,3.833,2.3328,0.0159,0.0264,cone,none,1.5,0.0,3.7
post ahead,10,0.2,6.0,3.833,1.61,0.0112,0.0185,cone,none,1.5,0.0,3.69
post ahead,11,0.22,6.0,3.833,1.7809,0.0078,0.0129,cone,none,1.5,0.0,3.84
post ahead,12,0.24,6.0,3.833,3.0752,0.0051,0.0117,cone,none,1.5,0.0,3.8
post ahead,13,0.26,6.0,3.833,3.0092,0.0015,0.0096,cone,none,1.5,0.0,3.6
post ahead,14,0.28,6.0,3.833,1.7713,0.0011,0.0067,cone,none,1.5,0.0,3.49
post ahead,15,0.3,6.0,3.833,1.3118,0.0008,0.0047,cone,none,1.5,0.0,3.91
post ahead,16,0.32,6.0,3.833,1.3556,0.0005,0.0033,cone,none,1.5,0.0,3.74
post ahead,17,0.34,6.0,3.833,1.8036,0.0004,0.0023,cone,none,1.5,0.0,3.68
post ahead,18,0.36,6.0,3.833,2.0158,-0.0009,-0.0009,cone,none,1.5,0.0,3.63
post ahead,19,0.38,6.0,3.833,1.6923,0.0055,-0.0001,cone,none,1.5,0.0,4.0
post ahead,20,0.4,6.0,3.833,1.2588,0.0042,-0.0001,cone,none,1.5,0.0,4.17
post ahead,21,0.42,6.0,3.833,1.1357,0.003,-0.0,cone,none,1.5,0.0,3.75
post ahead,22,0.44,6.0,3.833,1.1107,0.0021,-0.0,cone,none,1.5,0.0,3.76
post ahead,23,0.46,6.0,3.833,1.1406,0.0014,-0.0,cone,none,1.5,0.0,3.93
post ahead,24,0.48,6.0,3.833,1.1584,0.001,-0.0,cone,none,1.5,0.0,4.08
post ahead,25,0.5,6.0,3.833,1.1193,0.0007,-0.0,cone,none,1.5,0.0,3.77
post ahead,26,0.52,6.0,3.833,1.1068,0.0005,-0.0,cone,none,1.5,0.0,3.84
post ahead,27,0.54,6.0,3.833,1.0843,0.0003,-0.0,cone,none,1.5,0.0,3.93
post ahead,28,0.56,6.0,3.833,1.0692,0.0002,-0.0,cone,none,1.5,0.0,4.25
post ahead,29,0.58,6.0,3.833,1.0811,0.0001,-0.0,cone,none,1.5,0.0,3.9
post ahead,30,0.6,6.0,3.833,1.1006,-0.0001,-0.0002,cone,none,1.5,0.0,3.85
post ahead,31,0.62,6.0,3.833,1.105,0.0,-0.0002,cone,none,1.5,0.0,4.02
post ahead,32,0.64,6.0,3.833,1.0873,0.0,-0.0001,cone,none,1.5,0.0,4.11
post ahead,33,0.66,6.0,3.833,1.0719,0.0,-0.0001,cone,none,1.5,0.0,3.78
post ahead,34,0.68,6.0,3.833,1.0689,0.0,-0.0001,cone,none,1.5,0.0,3.67
post ahead,35,0.7,6.0,3.833,1.0701,-0.0,-0.0,cone,none,1.5,0.0,3.78
post ahead,36,0.72,6.0,3.833,1.0658,-0.0,0.0001,cone,none,1.5,0.0,4.17
post ahead,37,0.74,6.0,3.833,1.0583,-0.0,0.0003,cone,none,1.5,0.0,4.05
post ahead,38,0.76,6.0,3.833,1.0576,-0.0,0.0005,cone,none,1.5,0.0,3.8
post ahead,39,0.78,6.0,3.833,1.0643,0.0,0.0007,cone,none,1.5,0.0,3.7
post ahead,40,0.8,6.0,3.833,1.0708,0.0,0.0007,cone,none,1.5,0.0,4.05
post ahead,41,0.82,6.0,3.833,1.0704,0.0,0.0005,cone,none,1.5,0.0,4.13
post ahead,42,0.84,6.0,3.833,1.0645,-0.0,0.0003,cone,none,1.5,0.0,3.65
post ahead,43,0.86,6.0,3.833,1.0612,-0.0001,0.0002,cone,none,1.5,0.0,3.67
post ahead,44,0.88,6.0,3.833,1.0644,-0.0001,0.0001,cone,none,1.5,0.0,3.84
post ahead,45,0.9,6.0,3.833,1.0695,-0.0001,0.0001,cone,none,1.5,0.0,4.19
post ahead,46,0.92,6.0,3.833,1.0704,-0.0,0.0001,cone,none,1.5,0.0,3.77
post ahead,47,0.94,6.0,3.833,1.0666,-0.0,0.0001,cone,none,1.5,0.0,3.55
post ahead,48,0.96,6.0,3.833,1.0628,-0.0,0.0001,cone,none,1.5,0.0,3.74
post ahead,49,0.98,6.0,3.833,1.0628,-0.0001,0.0001,cone,none,1.5,0.0,4.2
post ahead,50,1.0,6.0,3.833,1.0652,-0.0001,0.0002,cone,none,1.5,0.0,3.61
post ahead,51,1.02,5.97,3.813,1.067,-0.0,0.0002,cone,none,1.5,0.0,3.76
post ahead,52,1.04,5.94,3.793,1.0666,-0.0,0.0002,cone,none,1.5,0.0,3.65
post ahead,53,1.06,5.91,3.773,1.0654,-0.0,0.0002,cone,none,1.5,0.0,4.01
post ahead,54,1.08,5.88,3.753,1.065,-0.0001,0.0001,cone,none,1.5,0.0,3.64
post ahead,55,1.1,5.85,3.733,1.0656,-0.0001,0.0001,cone,none,1.5,0.0,3.62
post ahead,56,1.12,5.82,3.713,1.0661,-0.0001,0.0001,cone,none,1.5,0.0,4.1
post ahead,57,1.14,5.79,3.693,1.0661,-0.0001,0.0,cone,none,1.5,0.0,4.06
post ahead,58,1.16,5.76,3.673,1.0658,-0.0,0.0,cone,none,1.5,0.0,3.93
post ahead,59,1.18,5.73,3.653,1.0657,-0.0,0.0,cone,none,1.5,0.0,3.62
post ahead,60,1.2,5.7,3.633,1.0658,-0.0,0.0,cone,none,1.5,0.0,3.7
post ahead,61,1.22,5.67,3.613,1.0658,-0.0,0.0,cone,none,1.5,0.0,3.78
post ahead,62,1.24,5.64,3.593,1.0655,-0.0,0.0,cone,none,1.5,0.0,4.2
post ahead,63,1.26,5.61,3.573,1.0654,-0.0,0.0,cone,none,1.5,0.0,4.14
post ahead,64,1.28,5.58,3.553,1.0656,-0.0,0.0,cone,none,1.5,0.0,3.78
post ahead,65,1.3,5.55,3.533,1.0658,-0.0,0.0,cone,none,1.5,0.0,3.67
post ahead,66,1.32,5.52,3.513,1.0658,-0.0,0.0,cone,none,1.5,0.0,3.94
post ahead,67,1.34,5.49,3.493,1.0656,-0.0,0.0,cone,none,1.5,0.0,3.77
post ahead,68,1.36,5.46,3.473,1.0655,-0.0,0.0,cone,none,1.5,0.0,3.66
post ahead,69,1.38,5.43,3.453,1.0656,-0.0,0.0,cone,none,1.5,0.0,3.79
post ahead,70,1.4,5.4,3.433,1.0657,-0.0,0.0,cone,none,1.5,0.0,4.2
post ahead,71,1.42,5.37,3.413,1.0657,-0.0,0.0,cone,none,1.5,0.0,4.01
post ahead,72,1.44,5.34,3.393,1.0656,-0.0,0.0,cone,none,1.5,0.0,3.69
post ahead,73,1.46,5.31,3.373,1.0656,0.0,0.0,cone,none,1.5,0.0,3.73
post ahead,74,1.48,5.28,3.353,1.0656,0.0,0.0,cone,none,1.5,0.0,3.98
post ahead,75,1.5,5.25,3.333,1.0656,0.0,-0.0,cone,none,1.5,0.0,3.83
post ahead,76,1.52,5.22,3.313,1.0657,0.0,0.0,cone,none,1.5,0.0,3.89
post ahead,77,1.54,5.19,3.293,1.0656,-0.0,0.0,cone,none,1.5,0.0,3.43
post ahead,78,1.56,5.16,3.273,1.0656,0.0,0.0,cone,none,1.5,0.0,3.57
post ahead,79,1.58,5.13,3.253,1.0656,0.0,0.0,cone,none,1.5,0.0,3.65
post ahead,80,1.6,5.1,3.233,1.0656,0.0,0.0,cone,none,1.5,0.0,3.82
post ahead,81,1.62,5.07,3.213,1.0657,-0.0,0.0,cone,none,1.5,0.0,3.69
post ahead,82,1.64,5.04,3.193,1.0656,-0.0,0.0,cone,none,1.5,0.0,3.71
post ahead,83,1.66,5.01,3.173,1.0656,-0.0,0.0,cone,none,1.5,0.0,3.92
post ahead,84,1.68,4.98,3.153,1.0656,0.0,0.0,cone,none,1.5,0.0,3.91
post ahead,85,1.7,4.95,3.133,1.0657,0.0,0.0,cone,none,1.5,0.0,3.86
post ahead,86,1.72,4.92,3.113,1.0657,0.0,0.0,cone,none,1.5,0.0,3.71
post ahead,87,1.74,4.89,3.093,1.0656,0.0,0.0,cone,none,1.5,0.0,3.85
post ahead,88,1.76,4.86,3.073,1.0655,0.0,0.0,cone,none,1.5,0.0,4.31
post ahead,89,1.78,4.83,3.053,1.0656,0.0,0.0,cone,none,1.5,0.0,3.78
post ahead,90,1.8,4.8,3.033,1.0656,0.0,0.0,cone,none,1.5,0.0,3.64
post ahead,91,1.82,4.77,3.013,1.0656,0.0,0.0,cone,none,1.5,0.0,3.79
post ahead,92,1.84,4.74,2.993,1.0656,-0.0,0.0,cone,none,1.5,0.0,3.97
post ahead,93,1.86,4.71,2.973,1.0656,-0.0,-0.0,cone,none,1.5,0.0,3.74
post ahead,94,1.88,4.68,2.953,2.3795,0.1323,0.0018,cone,none,1.5,0.0,3.66
post ahead,95,1.9,4.65,2.933,93.5983,0.1776,-0.2257,cone,none,1.5,0.0,3.61
post ahead,96,1.92,4.62,2.913,165.6925,1.1088,0.1622,cone,brake,0.0,0.0,4.21
post ahead,97,1.94,4.59,2.893,137.1727,-0.2054,0.6567,cone,brake,0.0,0.0,4.01
post ahead,98,1.96,4.56,2.873,91.1181,-3.7742,1.2611,cone,brake,0.0,0.0,3.68
post ahead,99,1.98,4.53,2.853,70.6146,-3.7871,-1.1481,units,brake,0.0,0.0,3.66
post ahead,100,2.0,4.5,2.833,64.3776,-3.4787,-1.5334,units,brake,0.0,0.0,3.81
post ahead,101,2.02,4.47,2.813,75.4924,-3.5078,1.1296,cone,brake,0.0,0.0,4.05
post ahead,102,2.04,4.44,2.793,76.5297,-2.3241,0.6978,cone,brake,0.0,0.0,3.93
post ahead,103,2.06,4.41,2.773,67.7873,-1.6621,0.4615,cone,brake,0.0,0.0,3.71
post ahead,104,2.08,4.38,2.753,58.4548,-1.1513,0.3352,cone,brake,0.0,0.0,3.75
post ahead,105,2.1,4.35,2.733,55.0532,-0.8059,0.2347,cone,brake,0.0,0.0,3.82
post ahead,106,2.12,4.32,2.713,57.2744,-0.533,0.1956,cone,brake,0.0,0.0,3.6
post ahead,107,2.14,4.29,2.693,58.8192,-0.3425,0.1674,cone,brake,0.0,0.0,4.05
post ahead,108,2.16,4.26,2.673,54.9145,-0.2399,0.1169,cone,brake,0.0,0.0,3.77
post ahead,109,2.18,4.23,2.653,51.3492,-0.168,0.0818,cone,brake,0.0,0.0,4.0
post ahead,110,2.2,4.2,2.633,49.8889,-0.1176,0.0573,cone,brake,0.0,0.0,3.93
post ahead,111,2.22,4.17,2.613,50.3178,-0.0823,0.0401,cone,brake,0.0,0.0,3.92
post ahead,112,2.24,4.14,2.593,51.1682,-0.0392,0.0465,cone,brake,0.0,0.0,3.46
post ahead,113,2.26,4.11,2.573,50.6207,-0.0111,0.0489,cone,brake,0.0,0.0,4.01
post ahead,114,2.28,4.08,2.553,49.6558,-0.0042,0.0378,cone,brake,0.0,0.0,4.11
post ahead,115,2.3,4.05,2.533,48.9568,-0.0023,0.0271,cone,brake,0.0,0.0,3.76
post ahead,116,2.32,4.02,2.513,48.7996,-0.0,0.0205,cone,brake,0.0,0.0,3.56
post ahead,117,2.34,3.99,2.493,49.0015,0.0131,0.0276,cone,brake,0.0,0.0,3.56
post ahead,118,2.36,3.96,2.473,49.0643,0.0266,0.0367,cone,brake,0.0,0.0,4.08
post ahead,119,2.38,3.93,2.453,48.8328,0.0305,0.0375,cone,brake,0.0,0.0,3.66
post ahead,120,2.4,3.9,2.433,48.6378,0.0251,0.03,cone,brake,0.0,0.0,3.8
post ahead,121,2.42,3.87,2.413,48.5851,0.0179,0.0214,cone,saccade_right,0.0,180.0,3.77
post ahead,122,2.44,3.84,2.393,48.6577,0.0145,0.0169,cone,saccade_right,0.0,180.0,4.25
post ahead,123,2.46,3.81,2.373,48.735,0.0132,0.0169,cone,saccade_right,0.0,180.0,4.02
post ahead,124,2.48,3.78,2.353,48.7404,0.0108,0.0181,cone,saccade_right,0.0,180.0,3.47
post ahead,125,2.5,3.75,2.333,48.7072,0.0075,0.018,cone,saccade_right,0.0,180.0,3.55
post ahead,126,2.52,3.72,2.313,48.6983,0.0041,0.0155,cone,saccade_right,0.0,180.0,3.77
post ahead,127,2.54,3.69,2.293,48.7244,0.0007,0.0125,cone,saccade_right,0.0,180.0,3.95
post ahead,128,2.56,3.66,2.273,48.7643,-0.0049,0.0086,cone,saccade_right,0.0,180.0,3.88
post ahead,129,2.58,3.63,2.253,48.7962,-0.0118,0.0048,cone,saccade_right,0.0,180.0,3.53
post ahead,130,2.6,3.6,2.233,48.8145,-0.0184,0.0012,cone,saccade_right,0.0,180.0,3.69
post ahead,131,2.62,3.57,2.213,48.8237,-0.0233,-0.0021,cone,saccade_right,0.0,180.0,3.82
post ahead,132,2.64,3.54,2.193,48.8316,-0.0265,-0.0052,cone,saccade_right,0.0,180.0,3.75
post ahead,133,2.66,3.51,2.173,48.8428,-0.0286,-0.0078,cone,saccade_right,0.0,180.0,3.84
post ahead,134,2.68,3.48,2.153,48.8592,-0.0301,-0.0097,cone,saccade_right,0.0,180.0,3.48
post ahead,135,2.7,3.45,2.133,48.8778,-0.0316,-0.0104,cone,saccade_right,0.0,180.0,4.03
post ahead,136,2.72,3.42,2.113,48.8923,-0.0325,-0.0105,cone,saccade_right,0.0,180.0,4.03
post ahead,137,2.74,3.39,2.093,48.8995,-0.0325,-0.0102,cone,saccade_right,0.0,180.0,3.61
post ahead,138,2.76,3.36,2.073,48.903,-0.0318,-0.0098,cone,saccade_right,0.0,180.0,3.48
post ahead,139,2.78,3.33,2.053,48.9089,-0.0306,-0.0093,cone,saccade_right,0.0,180.0,3.58
post ahead,140,2.8,3.3,2.033,48.9182,-0.0293,-0.0086,cone,saccade_right,0.0,180.0,4.06
post ahead,141,2.82,3.27,2.013,48.9273,-0.0278,-0.0079,cone,saccade_right,0.0,180.0,3.63
post ahead,142,2.84,3.24,1.993,48.9326,-0.026,-0.0071,cone,saccade_right,0.0,180.0,3.61
post ahead,143,2.86,3.21,1.973,48.9347,-0.0241,-0.0064,cone,saccade_right,0.0,180.0,3.8
post ahead,144,2.88,3.18,1.953,48.9367,-0.022,-0.0058,cone,saccade_right,0.0,180.0,4.27
post ahead,145,2.9,3.15,1.933,48.9402,-0.0199,-0.0051,cone,saccade_right,0.0,180.0,3.82
post ahead,146,2.92,3.12,1.913,48.944,-0.0178,-0.0045,cone,none,1.5,0.0,3.65
post ahead,147,2.94,3.09,1.893,48.9466,-0.0159,-0.004,cone,none,1.5,0.0,3.55
post ahead,148,2.96,3.06,1.873,48.9478,-0.014,-0.0035,cone,none,1.5,0.0,4.24
post ahead,149,2.98,3.03,1.853,48.9489,-0.0122,-0.003,cone,none,1.5,0.0,3.71
post ahead,150,3.0,3.0,1.833,48.9505,-0.0106,-0.0027,cone,none,1.5,0.0,3.69
post ahead,151,3.02,2.97,1.813,48.952,-0.0091,-0.0024,cone,none,1.5,0.0,3.63
post ahead,152,3.04,2.94,1.793,48.9528,-0.0078,-0.0021,cone,none,1.5,0.0,3.73
post ahead,153,3.06,2.91,1.773,48.9532,-0.0066,-0.0018,cone,none,1.5,0.0,3.96
post ahead,154,3.08,2.88,1.753,48.9537,-0.0056,-0.0015,cone,none,1.5,0.0,3.87
post ahead,155,3.1,2.85,1.733,48.9544,-0.0047,-0.0013,cone,none,1.5,0.0,4.07
post ahead,156,3.12,2.82,1.713,48.9551,-0.0039,-0.0011,cone,none,1.5,0.0,3.81
post ahead,157,3.14,2.79,1.693,48.9553,-0.0032,-0.0009,cone,none,1.5,0.0,4.19
post ahead,158,3.16,2.76,1.673,48.9553,-0.0026,-0.0008,cone,none,1.5,0.0,3.85
post ahead,159,3.18,2.73,1.653,48.9554,-0.0021,-0.0006,cone,none,1.5,0.0,4.06
post ahead,160,3.2,2.7,1.633,48.9557,-0.0016,-0.0005,cone,none,1.5,0.0,3.98
post ahead,161,3.22,2.67,1.613,48.9559,-0.0013,-0.0004,cone,none,1.5,0.0,4.23
post ahead,162,3.24,2.64,1.593,48.956,-0.001,-0.0003,cone,none,1.5,0.0,3.8
post ahead,163,3.26,2.61,1.573,48.956,-0.0007,-0.0003,cone,none,1.5,0.0,3.72
post ahead,164,3.28,2.58,1.553,48.956,-0.0005,-0.0002,cone,none,1.5,0.0,3.59
post ahead,165,3.3,2.55,1.533,48.956,-0.0004,-0.0001,cone,none,1.5,0.0,4.23
post ahead,166,3.32,2.52,1.513,48.9561,-0.0002,-0.0001,cone,none,1.5,0.0,3.99
post ahead,167,3.34,2.49,1.493,48.9561,-0.0001,-0.0001,cone,none,1.5,0.0,3.7
post ahead,168,3.36,2.46,1.473,48.9561,-0.0001,-0.0,cone,none,1.5,0.0,3.71
post ahead,169,3.38,2.43,1.453,48.9561,-0.0,-0.0,cone,none,1.5,0.0,3.93
post ahead,170,3.4,2.4,1.433,48.9561,0.0,0.0,cone,none,1.5,0.0,3.81
post ahead,171,3.42,2.37,1.413,48.956,0.0001,0.0,cone,none,1.5,0.0,3.69
post ahead,172,3.44,2.34,1.393,48.956,0.0001,0.0,cone,none,1.5,0.0,3.66
post ahead,173,3.46,2.31,1.373,48.956,0.0001,0.0,cone,none,1.5,0.0,3.84
post ahead,174,3.48,2.28,1.353,48.956,0.0001,0.0,cone,none,1.5,0.0,4.1
post ahead,175,3.5,2.25,1.333,48.956,0.0001,0.0,cone,none,1.5,0.0,3.74
post ahead,176,3.52,2.22,1.313,48.956,0.0001,0.0,cone,none,1.5,0.0,3.65
post ahead,177,3.54,2.19,1.293,48.9559,0.0001,0.0,cone,none,1.5,0.0,3.69
post ahead,178,3.56,2.16,1.273,48.9559,0.0001,0.0,cone,none,1.5,0.0,4.31
post ahead,179,3.58,2.13,1.253,48.9559,0.0001,0.0,cone,none,1.5,0.0,3.95
post ahead,180,3.6,2.1,1.233,48.9559,0.0001,0.0,cone,none,1.5,0.0,3.69
post ahead,181,3.62,2.07,1.213,48.9559,0.0001,0.0,cone,none,1.5,0.0,3.59
post ahead,182,3.64,2.04,1.193,48.9559,0.0001,0.0,cone,none,1.5,0.0,4.4
post ahead,183,3.66,2.01,1.173,48.9559,0.0001,0.0,cone,none,1.5,0.0,4.07
post ahead,184,3.68,1.98,1.153,48.9558,0.0001,0.0,cone,none,1.5,0.0,3.66
post ahead,185,3.7,1.95,1.133,48.9558,0.0001,0.0,cone,none,1.5,0.0,3.64
post ahead,186,3.72,1.92,1.113,48.9559,0.0,0.0,cone,none,1.5,0.0,4.54
post ahead,187,3.74,1.89,1.093,48.9559,0.0,0.0,cone,none,1.5,0.0,4.11
post ahead,188,3.76,1.86,1.073,48.9558,0.0,0.0,cone,none,1.5,0.0,3.74
post ahead,189,3.78,1.83,1.053,48.9558,0.0,0.0,cone,none,1.5,0.0,3.63
post ahead,190,3.8,1.8,1.033,48.9558,0.0,0.0,cone,none,1.5,0.0,3.91
post ahead,191,3.82,1.77,1.013,48.9558,0.0,0.0,cone,none,1.5,0.0,3.98
post ahead,192,3.84,1.74,0.993,48.9558,0.0,0.0,cone,none,1.5,0.0,3.77
post ahead,193,3.86,1.71,0.973,48.9558,0.0,0.0,cone,none,1.5,0.0,3.69
post ahead,194,3.88,1.68,0.953,48.9558,0.0,0.0,cone,none,1.5,0.0,3.88
post ahead,195,3.9,1.65,0.933,48.9558,0.0,0.0,cone,none,1.5,0.0,3.85
post ahead,196,3.92,1.62,0.913,48.9558,0.0,0.0,cone,none,1.5,0.0,3.75
post ahead,197,3.94,1.59,0.893,48.9558,0.0,0.0,cone,none,1.5,0.0,3.64
post ahead,198,3.96,1.56,0.873,48.9558,0.0,0.0,cone,none,1.5,0.0,3.54
post ahead,199,3.98,1.53,0.853,48.9558,0.0,0.0,cone,none,1.5,0.0,4.19
post ahead,200,4.0,1.5,0.833,34.6535,0.0891,0.0,cone,none,1.5,0.0,3.96
post ahead,201,4.02,1.47,0.813,95.3131,2.6381,-0.0388,cone,brake,0.0,0.0,3.68
post ahead,202,4.04,1.44,0.793,160.0643,3.8296,0.3374,cone,brake,0.0,0.0,3.67
post ahead,203,4.06,1.41,0.773,144.0715,2.4463,0.8612,cone,brake,0.0,0.0,4.0
post ahead,204,4.08,1.38,0.753,109.7083,-1.0884,1.4609,cone,brake,0.0,0.0,4.33
post ahead,205,4.1,1.35,0.733,90.4191,-2.896,1.5874,cone,brake,0.0,0.0,3.77
post ahead,206,4.12,1.32,0.713,83.1043,-2.8451,1.4483,cone,brake,0.0,0.0,4.19
post ahead,207,4.14,1.29,0.693,91.7747,-1.8713,1.1506,cone,brake,0.0,0.0,4.06
post ahead,208,4.16,1.26,0.673,94.7375,-0.9327,0.7745,cone,brake,0.0,0.0,3.97
post ahead,209,4.18,1.23,0.653,90.3393,-0.8224,0.6075,cone,brake,0.0,0.0,3.87
post ahead,210,4.2,1.2,0.633,84.701,-0.7902,0.5266,cone,brake,0.0,0.0,3.99
post ahead,211,4.22,1.17,0.613,81.8066,-0.619,0.4345,cone,brake,0.0,0.0,3.93
post ahead,212,4.24,1.14,0.593,82.2709,-0.4285,0.309,cone,brake,0.0,0.0,4.28
post ahead,213,4.26,1.11,0.573,83.6811,-0.269,0.2098,cone,brake,0.0,0.0,3.79
post ahead,214,4.28,1.08,0.553,82.7792,-0.1868,0.1454,cone,brake,0.0,0.0,3.67
post ahead,215,4.3,1.05,0.533,81.1136,-0.1308,0.1016,cone,brake,0.0,0.0,3.58
post ahead,216,4.32,1.02,0.513,80.2256,-0.0924,0.072,cone,brake,0.0,0.0,3.84
post ahead,217,4.34,0.99,0.493,80.3282,-0.065,0.0507,cone,brake,0.0,0.0,3.82
post ahead,218,4.36,0.96,0.473,80.7174,-0.0402,0.0407,cone,brake,0.0,0.0,3.58
post ahead,219,4.38,0.93,0.453,80.5708,-0.021,0.0357,cone,brake,0.0,0.0,3.47
post ahead,220,4.4,0.9,0.433,80.15,-0.0144,0.0252,cone,brake,0.0,0.0,3.95
post ahead,221,4.42,0.87,0.413,50.2707,-0.0095,0.0182,cone,brake,0.0,0.0,3.77
post ahead,222,4.44,0.84,0.393,93.7362,1.2897,0.1709,cone,brake,0.0,0.0,3.51
post ahead,223,4.46,0.81,0.373,159.0594,2.0276,1.0239,cone,brake,0.0,0.0,3.37
post ahead,224,4.48,0.78,0.353,152.9074,1.0649,1.5561,cone,brake,0.0,0.0,3.73
post ahead,225,4.5,0.75,0.333,125.0723,-1.2537,1.2033,cone,brake,0.0,0.0,4.09
post ahead,226,4.52,0.72,0.313,105.3324,-2.6331,1.0283,cone,brake,0.0,0.0,3.7
post ahead,227,4.54,0.69,0.293,96.1316,-2.4618,0.9284,cone,brake,0.0,0.0,3.72
post ahead,228,4.56,0.66,0.273,101.3986,-1.8699,0.6739,cone,brake,0.0,0.0,3.74
post ahead,229,4.58,0.63,0.253,109.5913,-1.1515,0.3159,cone,brake,0.0,0.0,3.99
post ahead,230,4.6,0.6,0.233,78.1202,-0.6718,0.0428,cone,brake,0.0,0.0,3.98
post ahead,231,4.62,0.57,0.213,115.0171,0.4616,0.1419,cone,brake,0.0,0.0,3.55
post ahead,232,4.64,0.54,0.193,171.9023,1.4576,0.9808,cone,brake,0.0,0.0,3.6
post ahead,233,4.66,0.51,0.173,172.1754,0.6833,1.335,cone,brake,0.0,0.0,3.79
post ahead,234,4.68,0.48,0.153,147.2242,-1.3819,0.9046,cone,brake,0.0,0.0,4.12
post ahead,235,4.7,0.45,0.133,95.5889,-0.9821,0.6149,cone,brake,0.0,0.0,3.5
post ahead,236,4.72,0.42,0.113,118.4118,-0.4789,0.4758,cone,brake,0.0,0.0,3.92
post ahead,237,4.74,0.39,0.093,185.6776,0.6717,0.7911,cone,brake,0.0,0.0,3.72
post ahead,238,4.76,0.36,0.073,157.7267,2.3479,0.9701,cone,brake,0.0,0.0,4.22
post ahead,239,4.78,0.33,0.053,142.0667,2.468,0.9995,cone,brake,0.0,0.0,3.82
post ahead,240,4.8,0.3,0.033,112.9924,1.8785,1.0553,cone,brake,0.0,0.0,3.73
post ahead,241,4.82,0.27,0.013,144.9003,1.4195,1.167,cone,brake,0.0,0.0,3.45
debris offset 0.4 m,0,0.0,6.0,3.833,0.0378,0.0003,0.0002,cone,none,1.5,0.0,3.31
debris offset 0.4 m,1,0.02,6.0,3.833,0.0426,0.0004,0.0003,cone,none,1.5,0.0,3.66
debris offset 0.4 m,2,0.04,6.0,3.833,11.4148,-0.0462,-0.0626,cone,none,1.5,0.0,3.63
debris offset 0.4 m,3,0.06,6.0,3.833,18.7172,1.1166,0.6088,cone,none,1.5,0.0,4.12
debris offset 0.4 m,4,0.08,6.0,3.833,20.8902,3.2416,1.99,cone,none,1.5,0.0,3.87
debris offset 0.4 m,5,0.1,6.0,3.833,20.265,3.5683,2.1154,cone,none,1.5,0.0,3.56
debris offset 0.4 m,6,0.12,6.0,3.833,23.0524,1.2883,1.0371,cone,none,1.5,0.0,3.67
debris offset 0.4 m,7,0.14,6.0,3.833,18.7197,-0.5212,-0.2653,cone,none,1.5,0.0,3.66
debris offset 0.4 m,8,0.16,6.0,3.833,12.1064,-1.0116,-0.8129,cone,none,1.5,0.0,4.06
debris offset 0.4 m,9,0.18,6.0,3.833,11.9057,-0.912,-0.7832,cone,none,1.5,0.0,3.76
debris offset 0.4 m,10,0.2,6.0,3.833,12.0474,-0.6714,-0.7745,cone,none,1.5,0.0,3.7
debris offset 0.4 m,11,0.22,6.0,3.833,11.2511,-0.6872,-0.7881,cone,none,1.5,0.0,3.71
debris offset 0.4 m,12,0.24,6.0,3.833,10.0952,-0.666,-0.7238,cone,none,1.5,0.0,3.88
debris offset 0.4 m,13,0.26,6.0,3.833,9.4192,-0.5613,-0.6017,cone,none,1.5,0.0,3.72
debris offset 0.4 m,14,0.28,6.0,3.833,9.7458,-0.4405,-0.4698,cone,none,1.5,0.0,3.63
debris offset 0.4 m,15,0.3,6.0,3.833,10.192,-0.3165,-0.3503,cone,none,1.5,0.0,3.64
debris offset 0.4 m,16,0.32,6.0,3.833,9.8057,-0.232,-0.258,cone,none,1.5,0.0,4.22
debris offset 0.4 m,17,0.34,6.0,3.833,8.8055,-0.2004,-0.1816,cone,none,1.5,0.0,4.24
debris offset 0.4 m,18,0.36,6.0,3.833,8.1575,-0.1749,-0.1294,cone,none,1.5,0.0,3.67
debris offset 0.4 m,19,0.38,6.0,3.833,8.2412,-0.1336,-0.0962,cone,none,1.5,0.0,3.65
debris offset 0.4 m,20,0.4,6.0,3.833,8.637,-0.0941,-0.0672,cone,none,1.5,0.0,3.78
debris offset 0.4 m,21,0.42,6.0,3.833,8.6923,-0.0575,-0.0468,cone,none,1.5,0.0,3.58
debris offset 0.4 m,22,0.44,6.0,3.833,8.3431,-0.0298,-0.0389,cone,none,1.5,0.0,3.84
debris offset 0.4 m,23,0.46,6.0,3.833,7.972,-0.0299,-0.0329,cone,none,1.5,0.0,4.04
debris offset 0.4 m,24,0.48,6.0,3.833,7.8692,-0.0342,-0.0301,cone,none,1.5,0.0,3.72
debris offset 0.4 m,25,0.5,6.0,3.833,8.0193,-0.033,-0.0268,cone,none,1.5,0.0,4.1
debris offset 0.4 m,26,0.52,6.0,3.833,8.2002,-0.0248,-0.0226,cone,none,1.5,0.0,3.79
debris offset 0.4 m,27,0.54,6.0,3.833,8.1698,-0.0134,-0.0219,cone,none,1.5,0.0,3.72
debris offset 0.4 m,28,0.56,6.0,3.833,8.017,-0.0102,-0.0226,cone,none,1.5,0.0,3.63
debris offset 0.4 m,29,0.58,6.0,3.833,7.9205,-0.0159,-0.0221,cone,none,1.5,0.0,3.63
debris offset 0.4 m,30,0.6,6.0,3.833,7.9403,-0.0227,-0.0217,cone,none,1.5,0.0,4.06
debris offset 0.4 m,31,0.62,6.0,3.833,8.0113,-0.0258,-0.0209,cone,none,1.5,0.0,3.47
debris offset 0.4 m,32,0.64,6.0,3.833,8.0272,-0.0251,-0.0195,cone,none,1.5,0.0,3.42
debris offset 0.4 m,33,0.66,6.0,3.833,7.9823,-0.0234,-0.0185,cone,none,1.5,0.0,3.63
debris offset 0.4 m,34,0.68,6.0,3.833,7.9389,-0.023,-0.0179,cone,none,1.5,0.0,4.16
debris offset 0.4 m,35,0.7,6.0,3.833,7.9366,-0.0246,-0.0177,cone,none,1.5,0.0,3.69
debris offset 0.4 m,36,0.72,6.0,3.833,7.9623,-0.0265,-0.0178,cone,none,1.5,0.0,3.7
debris offset 0.4 m,37,0.74,6.0,3.833,7.9798,-0.0272,-0.0177,cone,none,1.5,0.0,3.44
debris offset 0.4 m,38,0.76,6.0,3.833,7.9767,-0.0266,-0.0173,cone,none,1.5,0.0,4.09
debris offset 0.4 m,39,0.78,6.0,3.833,7.9643,-0.0254,-0.0167,cone,none,1.5,0.0,3.71
debris offset 0.4 m,40,0.8,6.0,3.833,7.9587,-0.0243,-0.016,cone,none,1.5,0.0,3.72
debris offset 0.4 m,41,0.82,6.0,3.833,7.9619,-0.0233,-0.0153,cone,none,1.5,0.0,3.71
debris offset 0.4 m,42,0.84,6.0,3.833,7.9667,-0.0223,-0.0145,cone,none,1.5,0.0,4.15
debris offset 0.4 m,43,0.86,6.0,3.833,7.9685,-0.0209,-0.0136,cone,none,1.5,0.0,4.53
debris offset 0.4 m,44,0.88,6.0,3.833,7.9673,-0.0194,-0.0126,cone,none,1.5,0.0,3.83
debris offset 0.4 m,45,0.9,6.0,3.833,7.9651,-0.0178,-0.0115,cone,none,1.5,0.0,4.0
debris offset 0.4 m,46,0.92,6.0,3.833,7.9633,-0.0162,-0.0104,cone,none,1.5,0.0,3.88
debris offset 0.4 m,47,0.94,6.0,3.833,7.9625,-0.0148,-0.0093,cone,none,1.5,0.0,3.78
debris offset 0.4 m,48,0.96,6.0,3.833,7.9635,-0.0134,-0.0084,cone,none,1.5,0.0,3.64
debris offset 0.4 m,49,0.98,6.0,3.833,7.9657,-0.012,-0.0075,cone,none,1.5,0.0,4.08
debris offset 0.4 m,50,1.0,6.0,3.833,7.9673,-0.0107,-0.0067,cone,none,1.5,0.0,3.84
debris offset 0.4 m,51,1.02,5.97,3.813,7.967,-0.0094,-0.0059,cone,none,1.5,0.0,4.03
debris offset 0.4 m,52,1.04,5.94,3.793,7.9654,-0.0083,-0.0052,cone,none,1.5,0.0,3.79
debris offset 0.4 m,53,1.06,5.91,3.773,7.9647,-0.0072,-0.0045,cone,none,1.5,0.0,3.75
debris offset 0.4 m,54,1.08,5.88,3.753,7.9654,-0.0063,-0.0039,cone,none,1.5,0.0,3.5
debris offset 0.4 m,55,1.1,5.85,3.733,7.9668,-0.0054,-0.0034,cone,none,1.5,0.0,3.79
debris offset 0.4 m,56,1.12,5.82,3.713,7.9671,-0.0047,-0.0029,cone,none,1.5,0.0,3.92
debris offset 0.4 m,57,1.14,5.79,3.693,7.9664,-0.004,-0.0025,cone,none,1.5,0.0,3.7
debris offset 0.4 m,58,1.16,5.76,3.673,7.9656,-0.0034,-0.0021,cone,none,1.5,0.0,3.64
debris offset 0.4 m,59,1.18,5.73,3.653,7.9656,-0.0029,-0.0018,cone,none,1.5,0.0,3.75
debris offset 0.4 m,60,1.2,5.7,3.633,7.9661,-0.0025,-0.0015,cone,none,1.5,0.0,4.01
debris offset 0.4 m,61,1.22,5.67,3.613,7.9664,-0.0021,-0.0013,cone,none,1.5,0.0,3.66
debris offset 0.4 m,62,1.24,5.64,3.593,7.3808,-0.0086,-0.012,cone,none,1.5,0.0,3.6
debris offset 0.4 m,63,1.26,5.61,3.573,8.8368,0.5528,0.2581,cone,none,1.5,0.0,3.76
debris offset 0.4 m,64,1.28,5.58,3.553,12.8676,1.4359,0.8091,cone,brake,0.0,0.0,3.96
debris offset 0.4 m,65,1.3,5.55,3.533,14.9936,1.6588,1.0558,cone,brake,0.0,0.0,3.8
debris offset 0.4 m,66,1.32,5.52,3.513,13.9745,0.8124,0.7575,cone,brake,0.0,0.0,3.77
debris offset 0.4 m,67,1.34,5.49,3.493,12.1215,-0.1858,0.204,cone,brake,0.0,0.0,3.75
debris offset 0.4 m,68,1.36,5.46,3.473,11.045,-0.5409,-0.1932,cone,brake,0.0,0.0,3.85
debris offset 0.4 m,69,1.38,5.43,3.453,11.3034,-0.5239,-0.2835,cone,brake,0.0,0.0,3.98
debris offset 0.4 m,70,1.4,5.4,3.433,11.9197,-0.3703,-0.276,cone,brake,0.0,0.0,3.59
debris offset 0.4 m,71,1.42,5.37,3.413,11.8799,-0.3323,-0.3053,cone,brake,0.0,0.0,3.88
debris offset 0.4 m,72,1.44,5.34,3.393,11.3176,-0.3762,-0.3181,cone,brake,0.0,0.0,3.83
debris offset 0.4 m,73,1.46,5.31,3.373,10.9195,-0.3681,-0.3008,cone,brake,0.0,0.0,3.92
debris offset 0.4 m,74,1.48,5.28,3.353,11.0086,-0.3109,-0.2531,cone,brake,0.0,0.0,3.58
debris offset 0.4 m,75,1.5,5.25,3.333,11.3634,-0.2357,-0.202,cone,brake,0.0,0.0,4.24
debris offset 0.4 m,76,1.52,5.22,3.313,11.3951,-0.174,-0.161,cone,brake,0.0,0.0,3.88
debris offset 0.4 m,77,1.54,5.19,3.293,11.0493,-0.1586,-0.123,cone,brake,0.0,0.0,3.64
debris offset 0.4 m,78,1.56,5.16,3.273,10.6991,-0.1582,-0.0927,cone,brake,0.0,0.0,3.85
debris offset 0.4 m,79,1.58,5.13,3.253,10.5904,-0.1496,-0.0718,cone,brake,0.0,0.0,3.6
debris offset 0.4 m,80,1.6,5.1,3.233,10.7163,-0.1317,-0.0575,cone,brake,0.0,0.0,3.55
debris offset 0.4 m,81,1.62,5.07,3.213,10.8551,-0.111,-0.0469,cone,brake,0.0,0.0,3.54
debris offset 0.4 m,82,1.64,5.04,3.193,9.9966,-0.0902,-0.0427,cone,brake,0.0,0.0,3.83
debris offset 0.4 m,83,1.66,5.01,3.173,11.7286,-0.0021,0.0124,cone,brake,0.0,0.0,3.88
debris offset 0.4 m,84,1.68,4.98,3.153,14.4775,-0.014,0.0885,cone,brake,0.0,0.0,3.8
debris offset 0.4 m,85,1.7,4.95,3.133,15.0722,0.0449,0.2048,cone,brake,0.0,0.0,3.73
debris offset 0.4 m,86,1.72,4.92,3.113,13.8795,-0.1203,0.1012,cone,brake,0.0,0.0,3.62
debris offset 0.4 m,87,1.74,4.89,3.093,12.6471,-0.2668,-0.0967,cone,brake,0.0,0.0,3.56
debris offset 0.4 m,88,1.76,4.86,3.073,12.262,-0.3694,-0.2494,cone,brake,0.0,0.0,3.49
debris offset 0.4 m,89,1.78,4.83,3.053,12.7386,-0.4068,-0.3212,cone,brake,0.0,0.0,3.66
debris offset 0.4 m,90,1.8,4.8,3.033,13.1022,-0.3843,-0.3617,cone,saccade_right,0.0,180.0,4.41
debris offset 0.4 m,91,1.82,4.77,3.013,12.9269,-0.3814,-0.3893,cone,saccade_right,0.0,180.0,3.78
debris offset 0.4 m,92,1.84,4.74,2.993,12.509,-0.386,-0.384,cone,saccade_right,0.0,180.0,3.63
debris offset 0.4 m,93,1.86,4.71,2.973,12.3387,-0.3542,-0.3509,cone,saccade_right,0.0,180.0,3.7
debris offset 0.4 m,94,1.88,4.68,2.953,12.5736,-0.2953,-0.2934,cone,saccade_right,0.0,180.0,3.74
debris offset 0.4 m,95,1.9,4.65,2.933,12.8396,-0.2173,-0.2353,cone,saccade_right,0.0,180.0,3.9
debris offset 0.4 m,96,1.92,4.62,2.913,12.7212,-0.1711,-0.1951,cone,saccade_right,0.0,180.0,3.81
debris offset 0.4 m,97,1.94,4.59,2.893,12.3968,-0.1662,-0.161,cone,saccade_right,0.0,180.0,4.09
debris offset 0.4 m,98,1.96,4.56,2.873,12.1858,-0.1596,-0.132,cone,saccade_right,0.0,180.0,3.58
debris offset 0.4 m,99,1.98,4.53,2.853,12.1997,-0.1409,-0.109,cone,saccade_right,0.0,180.0,4.03
debris offset 0.4 m,100,2.0,4.5,2.833,12.3441,-0.1147,-0.0897,cone,saccade_right,0.0,180.0,3.75
debris offset 0.4 m,101,2.02,4.47,2.813,12.4187,-0.0856,-0.0738,cone,saccade_right,0.0,180.0,3.58
debris offset 0.4 m,102,2.04,4.44,2.793,12.3628,-0.066,-0.0612,cone,saccade_right,0.0,180.0,3.52
debris offset 0.4 m,103,2.06,4.41,2.773,12.2677,-0.0572,-0.0502,cone,saccade_right,0.0,180.0,3.88
debris offset 0.4 m,104,2.08,4.38,2.753,12.2302,-0.0512,-0.0412,cone,saccade_right,0.0,180.0,3.72
debris offset 0.4 m,105,2.1,4.35,2.733,11.4012,-0.0408,-0.0292,cone,saccade_right,0.0,180.0,3.61
debris offset 0.4 m,106,2.12,4.32,2.713,13.4452,0.2683,0.2574,cone,saccade_right,0.0,180.0,3.63
debris offset 0.4 m,107,2.14,4.29,2.693,16.3064,0.5633,0.6144,cone,saccade_right,0.0,180.0,4.19
debris offset 0.4 m,108,2.16,4.26,2.673,16.8711,0.7678,0.8569,cone,saccade_right,0.0,180.0,4.01
debris offset 0.4 m,109,2.18,4.23,2.653,15.5033,0.6814,0.8105,cone,saccade_right,0.0,180.0,3.8
debris offset 0.4 m,110,2.2,4.2,2.633,14.2205,0.5127,0.6078,cone,saccade_right,0.0,180.0,3.97
debris offset 0.4 m,111,2.22,4.17,2.613,13.9355,0.3168,0.3835,cone,saccade_right,0.0,180.0,3.94
debris offset 0.4 m,112,2.24,4.14,2.593,14.4913,0.1184,0.1661,cone,saccade_right,0.0,180.0,4.02
debris offset 0.4 m,113,2.26,4.11,2.573,14.834,0.0235,-0.0024,cone,saccade_right,0.0,180.0,3.79
debris offset 0.4 m,114,2.28,4.08,2.553,14.6141,-0.0579,-0.1229,cone,saccade_right,0.0,180.0,3.71
debris offset 0.4 m,115,2.3,4.05,2.533,14.2169,-0.1479,-0.1919,cone,none,1.5,0.0,4.0
debris offset 0.4 m,116,2.32,4.02,2.513,14.0978,-0.1833,-0.2148,cone,none,1.5,0.0,3.89
debris offset 0.4 m,117,2.34,3.99,2.493,12.7561,-0.1359,-0.1585,cone,none,1.5,0.0,3.81
debris offset 0.4 m,118,2.36,3.96,2.473,17.4627,0.4911,0.1824,cone,none,1.5,0.0,3.53
debris offset 0.4 m,119,2.38,3.93,2.453,22.8223,0.7094,0.5379,cone,none,1.5,0.0,3.32
debris offset 0.4 m,120,2.4,3.9,2.433,22.7261,0.3764,0.6562,cone,none,1.5,0.0,4.37
debris offset 0.4 m,121,2.42,3.87,2.413,19.6115,-0.3458,0.4624,cone,none,1.5,0.0,3.88
debris offset 0.4 m,122,2.44,3.84,2.393,15.8063,-0.4043,0.4394,cone,none,1.5,0.0,3.8
debris offset 0.4 m,123,2.46,3.81,2.373,17.2629,-0.1818,0.4356,cone,none,1.5,0.0,3.94
debris offset 0.4 m,124,2.48,3.78,2.353,21.9875,-0.0089,0.4606,cone,none,1.5,0.0,4.13
debris offset 0.4 m,125,2.5,3.75,2.333,23.2905,0.2344,0.4609,cone,none,1.5,0.0,4.08
debris offset 0.4 m,126,2.52,3.72,2.313,20.7694,0.2176,0.3792,cone,none,1.5,0.0,3.59
debris offset 0.4 m,127,2.54,3.69,2.293,18.5485,0.0105,0.1549,cone,none,1.5,0.0,3.64
debris offset 0.4 m,128,2.56,3.66,2.273,17.9352,-0.1724,-0.0729,cone,none,1.5,0.0,4.19
debris offset 0.4 m,129,2.58,3.63,2.253,19.0465,-0.2556,-0.189,cone,none,1.5,0.0,3.98
debris offset 0.4 m,130,2.6,3.6,2.233,19.9718,-0.1831,-0.2573,cone,none,1.5,0.0,3.72
debris offset 0.4 m,131,2.62,3.57,2.213,19.5322,-0.155,-0.2984,cone,none,1.5,0.0,3.66
debris offset 0.4 m,132,2.64,3.54,2.193,18.4805,-0.2275,-0.2973,cone,none,1.5,0.0,3.82
debris offset 0.4 m,133,2.66,3.51,2.173,17.871,-0.2772,-0.2966,cone,none,1.5,0.0,3.92
debris offset 0.4 m,134,2.68,3.48,2.153,18.0494,-0.2925,-0.2929,cone,none,1.5,0.0,3.66
debris offset 0.4 m,135,2.7,3.45,2.133,18.5664,-0.2558,-0.2732,cone,none,1.5,0.0,3.67
debris offset 0.4 m,136,2.72,3.42,2.113,17.2289,-0.1519,-0.1872,cone,none,1.5,0.0,3.62
debris offset 0.4 m,137,2.74,3.39,2.093,18.8035,0.0145,0.0164,cone,none,1.5,0.0,4.06
debris offset 0.4 m,138,2.76,3.36,2.073,21.6688,0.1367,0.2777,cone,none,1.5,0.0,3.72
debris offset 0.4 m,139,2.78,3.33,2.053,22.4596,0.1513,0.3942,cone,none,1.5,0.0,3.68
debris offset 0.4 m,140,2.8,3.3,2.033,21.2842,0.0322,0.2842,cone,none,1.5,0.0,3.65
debris offset 0.4 m,141,2.82,3.27,2.013,20.1223,-0.1501,0.0395,cone,none,1.5,0.0,4.27
debris offset 0.4 m,142,2.84,3.24,1.993,19.6777,-0.2863,-0.1529,cone,none,1.5,0.0,4.26
debris offset 0.4 m,143,2.86,3.21,1.973,20.0423,-0.3464,-0.252,cone,none,1.5,0.0,3.81
debris offset 0.4 m,144,2.88,3.18,1.953,20.4358,-0.3227,-0.3027,cone,none,1.5,0.0,3.69
debris offset 0.4 m,145,2.9,3.15,1.933,20.4093,-0.3259,-0.3546,cone,none,1.5,0.0,3.98
debris offset 0.4 m,146,2.92,3.12,1.913,20.0006,-0.3723,-0.3807,cone,none,1.5,0.0,4.3
debris offset 0.4 m,147,2.94,3.09,1.893,17.5008,-0.3793,-0.1425,cone,none,1.5,0.0,3.82
debris offset 0.4 m,148,2.96,3.06,1.873,22.9248,0.3009,0.5083,cone,none,1.5,0.0,3.92
debris offset 0.4 m,149,2.98,3.03,1.853,32.023,0.7468,0.9381,cone,none,1.5,0.0,4.1
debris offset 0.4 m,150,3.0,3.0,1.833,33.0585,0.5511,0.7276,cone,none,1.5,0.0,4.12
debris offset 0.4 m,151,3.02,2.97,1.813,28.271,0.1544,0.3029,cone,none,1.5,0.0,3.75
debris offset 0.4 m,152,3.04,2.94,1.793,24.4063,0.0434,0.1506,cone,none,1.5,0.0,3.7
debris offset 0.4 m,153,3.06,2.91,1.773,23.1096,-0.151,-0.0764,cone,none,1.5,0.0,3.62
debris offset 0.4 m,154,3.08,2.88,1.753,24.3359,-0.2956,-0.2443,cone,none,1.5,0.0,4.44
debris offset 0.4 m,155,3.1,2.85,1.733,25.3129,-0.451,-0.4172,cone,none,1.5,0.0,3.63
debris offset 0.4 m,156,3.12,2.82,1.713,22.7941,-0.3737,-0.355,cone,none,1.5,0.0,3.56
debris offset 0.4 m,157,3.14,2.79,1.693,23.1196,-0.2617,-0.2244,cone,none,1.5,0.0,3.63
debris offset 0.4 m,158,3.16,2.76,1.673,25.8748,-0.0494,0.0275,cone,none,1.5,0.0,3.79
debris offset 0.4 m,159,3.18,2.73,1.653,27.593,0.0806,0.178,cone,none,1.5,0.0,3.98
debris offset 0.4 m,160,3.2,2.7,1.633,26.8509,0.0879,0.1765,cone,none,1.5,0.0,3.5
debris offset 0.4 m,161,3.22,2.67,1.613,25.0568,-0.0228,0.0388,cone,none,1.5,0.0,3.46
debris offset 0.4 m,162,3.24,2.64,1.593,23.7857,-0.1181,-0.0747,cone,none,1.5,0.0,3.49
debris offset 0.4 m,163,3.26,2.61,1.573,23.6622,-0.1779,-0.1462,cone,none,1.5,0.0,4.32
debris offset 0.4 m,164,3.28,2.58,1.553,22.4672,-0.1492,-0.1387,cone,none,1.5,0.0,3.76
debris offset 0.4 m,165,3.3,2.55,1.533,25.1351,-0.0162,-0.0377,cone,none,1.5,0.0,3.62
debris offset 0.4 m,166,3.32,2.52,1.513,26.2771,0.0942,0.0379,cone,none,1.5,0.0,3.73
debris offset 0.4 m,167,3.34,2.49,1.493,32.4359,0.4122,0.3256,cone,none,1.5,0.0,4.13
debris offset 0.4 m,168,3.36,2.46,1.473,37.3832,0.251,0.5031,cone,none,1.5,0.0,3.89
debris offset 0.4 m,169,3.38,2.43,1.453,36.3745,0.0362,0.6009,cone,none,1.5,0.0,3.96
debris offset 0.4 m,170,3.4,2.4,1.433,29.7334,-0.1902,0.5464,cone,none,1.5,0.0,3.73
debris offset 0.4 m,171,3.42,2.37,1.413,28.604,-0.1228,0.447,cone,none,1.5,0.0,4.14
debris offset 0.4 m,172,3.44,2.34,1.393,32.6388,0.0867,0.4861,cone,none,1.5,0.0,3.73
debris offset 0.4 m,173,3.46,2.31,1.373,35.6236,0.1851,0.4641,cone,none,1.5,0.0,3.76
debris offset 0.4 m,174,3.48,2.28,1.353,34.1606,0.21,0.3335,cone,none,1.5,0.0,3.58
debris offset 0.4 m,175,3.5,2.25,1.333,31.867,0.1397,0.1853,cone,none,1.5,0.0,3.67
debris offset 0.4 m,176,3.52,2.22,1.313,28.4624,0.0595,0.0892,cone,none,1.5,0.0,4.34
debris offset 0.4 m,177,3.54,2.19,1.293,31.1968,0.0458,0.0652,cone,none,1.5,0.0,3.93
debris offset 0.4 m,178,3.56,2.16,1.273,36.1905,0.1593,0.1473,cone,none,1.5,0.0,3.56
debris offset 0.4 m,179,3.58,2.13,1.253,33.8459,0.1211,0.0523,cone,none,1.5,0.0,3.55
debris offset 0.4 m,180,3.6,2.1,1.233,36.5867,0.18,0.1472,cone,none,1.5,0.0,3.81
debris offset 0.4 m,181,3.62,2.07,1.213,38.6182,0.0383,0.3936,cone,none,1.5,0.0,4.01
debris offset 0.4 m,182,3.64,2.04,1.193,42.2519,-0.0541,0.6695,cone,none,1.5,0.0,3.75
debris offset 0.4 m,183,3.66,2.01,1.173,43.2253,0.0807,0.9714,cone,none,1.5,0.0,3.43
debris offset 0.4 m,184,3.68,1.98,1.153,39.9966,0.2886,1.0083,cone,none,1.5,0.0,4.09
debris offset 0.4 m,185,3.7,1.95,1.133,34.3198,0.3317,0.8362,cone,none,1.5,0.0,3.83
debris offset 0.4 m,186,3.72,1.92,1.113,36.3976,0.2875,0.6437,cone,none,1.5,0.0,3.78
debris offset 0.4 m,187,3.74,1.89,1.093,41.9815,0.2911,0.4934,cone,none,1.5,0.0,3.58
debris offset 0.4 m,188,3.76,1.86,1.073,43.6042,0.3214,0.4034,cone,none,1.5,0.0,3.87
debris offset 0.4 m,189,3.78,1.83,1.053,37.8404,1.6215,1.818,cone,brake,0.0,0.0,4.06
debris offset 0.4 m,190,3.8,1.8,1.033,41.6736,2.8087,3.1366,cone,brake,0.0,0.0,3.78
debris offset 0.4 m,191,3.82,1.77,1.013,50.5715,3.6402,3.8691,cone,brake,0.0,0.0,3.55
debris offset 0.4 m,192,3.84,1.74,0.993,52.0858,3.6091,3.77,cone,brake,0.0,0.0,3.86
debris offset 0.4 m,193,3.86,1.71,0.973,43.5193,2.5622,2.6857,cone,brake,0.0,0.0,4.37
debris offset 0.4 m,194,3.88,1.68,0.953,40.923,1.6854,1.4942,cone,brake,0.0,0.0,3.89
debris offset 0.4 m,195,3.9,1.65,0.933,44.1535,1.2058,0.9494,cone,brake,0.0,0.0,3.52
debris offset 0.4 m,196,3.92,1.62,0.913,43.619,0.7967,0.7632,cone,brake,0.0,0.0,3.59
debris offset 0.4 m,197,3.94,1.59,0.893,42.9412,0.5471,0.5408,cone,brake,0.0,0.0,3.83
debris offset 0.4 m,198,3.96,1.56,0.873,52.32,0.2477,0.3111,cone,brake,0.0,0.0,3.84
debris offset 0.4 m,199,3.98,1.53,0.853,63.3178,0.0655,0.3724,cone,brake,0.0,0.0,3.7
debris offset 0.4 m,200,4.0,1.5,0.833,63.3652,0.0982,0.6992,cone,brake,0.0,0.0,3.58
debris offset 0.4 m,201,4.02,1.47,0.813,53.1445,0.1787,0.909,cone,brake,0.0,0.0,3.61
debris offset 0.4 m,202,4.04,1.44,0.793,46.7578,0.1899,0.7667,cone,brake,0.0,0.0,3.87
debris offset 0.4 m,203,4.06,1.41,0.773,50.804,0.1377,0.5426,cone,brake,0.0,0.0,4.02
debris offset 0.4 m,204,4.08,1.38,0.753,69.5402,0.1025,0.3799,cone,brake,0.0,0.0,3.87
debris offset 0.4 m,205,4.1,1.35,0.733,75.7228,0.0821,0.3722,cone,brake,0.0,0.0,3.47
debris offset 0.4 m,206,4.12,1.32,0.713,70.479,0.1434,0.5998,cone,brake,0.0,0.0,3.76
debris offset 0.4 m,207,4.14,1.29,0.693,58.0449,1.837,2.7468,cone,brake,0.0,0.0,3.87
debris offset 0.4 m,208,4.16,1.26,0.673,64.2418,3.2812,4.1812,cone,brake,0.0,0.0,3.68
debris offset 0.4 m,209,4.18,1.23,0.653,77.064,3.8766,4.5119,cone,brake,0.0,0.0,3.64
debris offset 0.4 m,210,4.2,1.2,0.633,83.8248,3.0953,3.5919,cone,brake,0.0,0.0,4.08
debris offset 0.4 m,211,4.22,1.17,0.613,72.1362,1.0016,1.5834,cone,brake,0.0,0.0,4.14
debris offset 0.4 m,212,4.24,1.14,0.593,70.6358,-0.0547,0.1229,cone,brake,0.0,0.0,3.7
debris offset 0.4 m,213,4.26,1.11,0.573,85.0341,-0.2549,-0.0035,cone,brake,0.0,0.0,3.66
debris offset 0.4 m,214,4.28,1.08,0.553,82.8414,-0.4638,0.1936,cone,brake,0.0,0.0,3.91
debris offset 0.4 m,215,4.3,1.05,0.533,88.7448,-0.5655,0.3751,cone,brake,0.0,0.0,4.16
debris offset 0.4 m,216,4.32,1.02,0.513,97.2243,-0.5914,0.4578,cone,brake,0.0,0.0,3.76
debris offset 0.4 m,217,4.34,0.99,0.493,95.0399,0.9383,2.384,cone,brake,0.0,0.0,3.68
debris offset 0.4 m,218,4.36,0.96,0.473,101.0151,2.2686,3.574,cone,brake,0.0,0.0,3.57
debris offset 0.4 m,219,4.38,0.93,0.453,114.306,2.7491,3.6628,cone,brake,0.0,0.0,4.18
debris offset 0.4 m,220,4.4,0.9,0.433,109.2065,1.9762,2.6972,cone,brake,0.0,0.0,3.45
debris offset 0.4 m,221,4.42,0.87,0.413,112.3451,0.484,1.187,cone,brake,0.0,0.0,3.43
debris offset 0.4 m,222,4.44,0.84,0.393,121.2892,-0.4899,0.0208,cone,brake,0.0,0.0,3.77
debris offset 0.4 m,223,4.46,0.81,0.373,133.2682,-0.5421,-0.1556,cone,brake,0.0,0.0,4.08
debris offset 0.4 m,224,4.48,0.78,0.353,132.7531,0.6016,1.6317,cone,brake,0.0,0.0,3.8
debris offset 0.4 m,225,4.5,0.75,0.333,136.9687,1.6607,2.7521,cone,brake,0.0,0.0,3.62
debris offset 0.4 m,226,4.52,0.72,0.313,154.4606,2.2556,3.0289,cone,brake,0.0,0.0,3.64
debris offset 0.4 m,227,4.54,0.69,0.293,164.1425,2.1627,2.7283,cone,brake,0.0,0.0,3.98
debris offset 0.4 m,228,4.56,0.66,0.273,169.4658,2.5824,3.1236,cone,brake,0.0,0.0,4.33
debris offset 0.4 m,229,4.58,0.63,0.253,176.6554,2.8523,3.2739,cone,brake,0.0,0.0,3.65
debris offset 0.4 m,230,4.6,0.6,0.233,194.6899,2.9442,3.2342,cone,brake,0.0,0.0,3.53
debris offset 0.4 m,231,4.62,0.57,0.213,200.1751,3.874,4.0983,cone,brake,0.0,0.0,3.38
debris offset 0.4 m,232,4.64,0.54,0.193,187.3298,3.8093,4.1222,cone,brake,0.0,0.0,4.2
debris offset 0.4 m,233,4.66,0.51,0.173,172.0104,2.8632,3.3985,cone,brake,0.0,0.0,3.91
debris offset 0.4 m,234,4.68,0.48,0.153,173.369,2.4477,3.2234,cone,brake,0.0,0.0,3.69
debris offset 0.4 m,235,4.7,0.45,0.133,166.4492,2.0234,2.8434,cone,brake,0.0,0.0,3.69
debris offset 0.4 m,236,4.72,0.42,0.113,183.1173,2.2064,2.9101,cone,brake,0.0,0.0,3.64
debris offset 0.4 m,237,4.74,0.39,0.093,207.8149,2.7785,3.3255,cone,brake,0.0,0.0,3.99
debris offset 0.4 m,238,4.76,0.36,0.073,205.9749,2.9267,3.3556,cone,brake,0.0,0.0,3.73
debris offset 0.4 m,239,4.78,0.33,0.053,206.0579,2.2529,3.5326,cone,brake,0.0,0.0,3.54
debris offset 0.4 m,240,4.8,0.3,0.033,204.4087,1.4565,3.4095,cone,brake,0.0,0.0,3.86
debris offset 0.4 m,241,4.82,0.27,0.013,191.6966,0.9347,2.963,cone,brake,0.0,0.0,4.0
debris passing 1.2 m aside,0,0.0,,,0.0378,0.0003,0.0002,cone,none,1.5,0.0,3.13
debris passing 1.2 m aside,1,0.02,,,0.0426,0.0004,0.0003,cone,none,1.5,0.0,3.89
debris passing 1.2 m aside,2,0.04,,,11.418,-0.0399,0.0101,cone,none,1.5,0.0,4.13
debris passing 1.2 m aside,3,0.06,,,18.6127,-0.2289,-0.1426,cone,none,1.5,0.0,3.8
debris passing 1.2 m aside,4,0.08,,,20.8178,-0.2395,0.0911,cone,none,1.5,0.0,3.61
debris passing 1.2 m aside,5,0.1,,,20.1185,0.2386,0.7774,cone,none,1.5,0.0,3.4
debris passing 1.2 m aside,6,0.12,,,23.0165,1.154,1.6197,cone,none,1.5,0.0,4.09
debris passing 1.2 m aside,7,0.14,,,18.7379,1.5051,1.837,cone,none,1.5,0.0,3.82
debris passing 1.2 m aside,8,0.16,,,12.2273,1.3416,1.5731,cone,none,1.5,0.0,3.77
debris passing 1.2 m aside,9,0.18,,,11.9548,0.9749,1.2201,cone,none,1.5,0.0,3.74
debris passing 1.2 m aside,10,0.2,,,11.9645,0.7659,0.9326,cone,none,1.5,0.0,4.22
debris passing 1.2 m aside,11,0.22,,,11.1918,0.6232,0.7314,cone,none,1.5,0.0,4.27
debris passing 1.2 m aside,12,0.24,,,10.1482,0.4723,0.5313,cone,none,1.5,0.0,3.68
debris passing 1.2 m aside,13,0.26,,,9.5437,0.3341,0.3656,cone,none,1.5,0.0,3.69
debris passing 1.2 m aside,14,0.28,,,9.8181,0.2238,0.2589,cone,none,1.5,0.0,3.94
debris passing 1.2 m aside,15,0.3,,,10.2057,0.1686,0.1933,cone,none,1.5,0.0,3.89
debris passing 1.2 m aside,16,0.32,,,9.7443,0.1169,0.1278,cone,none,1.5,0.0,3.78
debris passing 1.2 m aside,17,0.34,,,8.8014,0.075,0.0808,cone,none,1.5,0.0,3.66
debris passing 1.2 m aside,18,0.36,,,8.2675,0.0482,0.0484,cone,none,1.5,0.0,3.68
debris passing 1.2 m aside,19,0.38,,,8.3615,0.0318,0.0263,cone,none,1.5,0.0,3.9
debris passing 1.2 m aside,20,0.4,,,8.6842,0.0191,0.0156,cone,none,1.5,0.0,3.82
debris passing 1.2 m aside,21,0.42,,,8.7394,0.0135,0.0103,cone,none,1.5,0.0,3.64
debris passing 1.2 m aside,22,0.44,,,8.417,0.0096,0.0048,cone,none,1.5,0.0,3.62
debris passing 1.2 m aside,23,0.46,,,8.067,0.0041,0.0001,cone,none,1.5,0.0,4.24
debris passing 1.2 m aside,24,0.48,,,8.0004,0.0001,-0.0028,cone,none,1.5,0.0,4.02
debris passing 1.2 m aside,25,0.5,,,8.1711,-0.0014,-0.0047,cone,none,1.5,0.0,3.73
debris passing 1.2 m aside,26,0.52,,,8.334,-0.0012,-0.004,cone,none,1.5,0.0,3.65
debris passing 1.2 m aside,27,0.54,,,8.2836,-0.0005,-0.0027,cone,none,1.5,0.0,3.84
debris passing 1.2 m aside,28,0.56,,,8.1241,-0.0001,-0.0024,cone,none,1.5,0.0,4.17
debris passing 1.2 m aside,29,0.58,,,8.035,-0.0013,-0.0031,cone,none,1.5,0.0,3.73
debris passing 1.2 m aside,30,0.6,,,8.0681,-0.0024,-0.0036,cone,none,1.5,0.0,3.68
debris passing 1.2 m aside,31,0.62,,,8.1426,-0.0022,-0.0041,cone,none,1.5,0.0,3.83
debris passing 1.2 m aside,32,0.64,,,8.1534,-0.0018,-0.0041,cone,none,1.5,0.0,4.23
debris passing 1.2 m aside,33,0.66,,,8.105,-0.0019,-0.0038,cone,none,1.5,0.0,3.81
debris passing 1.2 m aside,34,0.68,,,8.0619,-0.0023,-0.0033,cone,none,1.5,0.0,3.68
debris passing 1.2 m aside,35,0.7,,,8.0621,-0.0025,-0.003,cone,none,1.5,0.0,4.15
debris passing 1.2 m aside,36,0.72,,,8.0889,-0.0026,-0.0026,cone,none,1.5,0.0,4.23
debris passing 1.2 m aside,37,0.74,,,8.1048,-0.0024,-0.0024,cone,none,1.5,0.0,3.84
debris passing 1.2 m aside,38,0.76,,,8.0987,-0.0022,-0.0022,cone,none,1.5,0.0,4.04
debris passing 1.2 m aside,39,0.78,,,8.0856,-0.0019,-0.0018,cone,none,1.5,0.0,3.78
debris passing 1.2 m aside,40,0.8,,,8.0814,-0.0018,-0.0015,cone,none,1.5,0.0,3.67
debris passing 1.2 m aside,41,0.82,,,8.0857,-0.0017,-0.0013,cone,none,1.5,0.0,4.01
debris passing 1.2 m aside,42,0.84,,,8.0896,-0.0015,-0.001,cone,none,1.5,0.0,4.1
debris passing 1.2 m aside,43,0.86,,,8.0891,-0.0013,-0.0008,cone,none,1.5,0.0,3.71
debris passing 1.2 m aside,44,0.88,,,8.0868,-0.001,-0.0007,cone,none,1.5,0.0,4.37
debris passing 1.2 m aside,45,0.9,,,8.0855,-0.0007,-0.0005,cone,none,1.5,0.0,4.13
debris passing 1.2 m aside,46,0.92,,,8.0853,-0.0005,-0.0002,cone,none,1.5,0.0,3.76
debris passing 1.2 m aside,47,0.94,,,8.0853,-0.0003,-0.0,cone,none,1.5,0.0,3.82
debris passing 1.2 m aside,48,0.96,,,8.0855,-0.0002,0.0001,cone,none,1.5,0.0,4.31
debris passing 1.2 m aside,49,0.98,,,8.0864,-0.0001,0.0003,cone,none,1.5,0.0,3.84
debris passing 1.2 m aside,50,1.0,,,8.0875,0.0,0.0003,cone,none,1.5,0.0,3.73
debris passing 1.2 m aside,51,1.02,,,8.0877,0.0001,0.0004,cone,none,1.5,0.0,3.66
debris passing 1.2 m aside,52,1.04,,,8.0872,0.0002,0.0004,cone,none,1.5,0.0,3.91
debris passing 1.2 m aside,53,1.06,,,8.0866,0.0003,0.0005,cone,none,1.5,0.0,4.21
debris passing 1.2 m aside,54,1.08,,,8.0869,0.0003,0.0005,cone,none,1.5,0.0,3.81
debris passing 1.2 m aside,55,1.1,,,8.0874,0.0003,0.0005,cone,none,1.5,0.0,4.03
debris passing 1.2 m aside,56,1.12,,,8.0876,0.0003,0.0005,cone,none,1.5,0.0,3.98
debris passing 1.2 m aside,57,1.14,,,8.0873,0.0004,0.0005,cone,none,1.5,0.0,4.29
debris passing 1.2 m aside,58,1.16,,,8.087,0.0004,0.0004,cone,none,1.5,0.0,3.69
debris passing 1.2 m aside,59,1.18,,,8.0871,0.0004,0.0004,cone,none,1.5,0.0,3.7
debris passing 1.2 m aside,60,1.2,,,8.0874,0.0003,0.0004,cone,none,1.5,0.0,3.78
debris passing 1.2 m aside,61,1.22,,,8.0874,0.0003,0.0004,cone,none,1.5,0.0,4.3
debris passing 1.2 m aside,62,1.24,,,7.448,-0.0003,0.0011,cone,none,1.5,0.0,4.11
debris passing 1.2 m aside,63,1.26,,,8.8195,0.407,0.4306,cone,none,1.5,0.0,3.72
debris passing 1.2 m aside,64,1.28,,,13.1888,0.7356,0.8023,cone,none,1.5,0.0,3.67
debris passing 1.2 m aside,65,1.3,,,16.624,0.9227,1.0102,cone,none,1.5,0.0,4.18
debris passing 1.2 m aside,66,1.32,,,15.7953,0.9457,1.0224,cone,none,1.5,0.0,3.95
debris passing 1.2 m aside,67,1.34,,,13.6089,0.8406,0.9033,cone,none,1.5,0.0,3.84
debris passing 1.2 m aside,68,1.36,,,12.0474,0.6856,0.738,cone,none,1.5,0.0,3.67
debris passing 1.2 m aside,69,1.38,,,11.8711,0.4777,0.5127,cone,none,1.5,0.0,4.38
debris passing 1.2 m aside,70,1.4,,,12.4331,0.324,0.3343,cone,none,1.5,0.0,4.17
debris passing 1.2 m aside,71,1.42,,,12.571,0.2199,0.2106,cone,none,1.5,0.0,3.71
debris passing 1.2 m aside,72,1.44,,,11.9779,0.1498,0.1275,cone,none,1.5,0.0,3.66
debris passing 1.2 m aside,73,1.46,,,11.3078,0.1057,0.0716,cone,none,1.5,0.0,4.05
debris passing 1.2 m aside,74,1.48,,,11.2059,0.0726,0.0434,cone,none,1.5,0.0,4.08
debris passing 1.2 m aside,75,1.5,,,11.6532,0.0505,0.0343,cone,none,1.5,0.0,3.77
debris passing 1.2 m aside,76,1.52,,,11.8556,0.0443,0.0307,cone,none,1.5,0.0,3.68
debris passing 1.2 m aside,77,1.54,,,10.6212,0.0427,0.0305,cone,none,1.5,0.0,3.9
debris passing 1.2 m aside,78,1.56,,,12.1786,0.0583,0.0453,cone,none,1.5,0.0,4.15
debris passing 1.2 m aside,79,1.58,,,14.9458,0.1023,0.0886,cone,none,1.5,0.0,3.68
debris passing 1.2 m aside,80,1.6,,,15.7846,0.139,0.1292,cone,none,1.5,0.0,3.7
debris passing 1.2 m aside,81,1.62,,,14.7337,0.211,0.205,cone,none,1.5,0.0,4.02
debris passing 1.2 m aside,82,1.64,,,13.4803,0.2064,0.2027,cone,none,1.5,0.0,4.12
debris passing 1.2 m aside,83,1.66,,,13.0212,0.1679,0.167,cone,none,1.5,0.0,3.61
debris passing 1.2 m aside,84,1.68,,,13.3853,0.1157,0.1208,cone,none,1.5,0.0,4.06
debris passing 1.2 m aside,85,1.7,,,14.7898,0.3212,0.3181,cone,none,1.5,0.0,3.77
debris passing 1.2 m aside,86,1.72,,,12.6942,0.4349,0.4277,cone,none,1.5,0.0,4.27
debris passing 1.2 m aside,87,1.74,,,10.0079,0.4474,0.4413,cone,none,1.5,0.0,3.93
debris passing 1.2 m aside,88,1.76,,,9.298,0.3897,0.3795,cone,none,1.5,0.0,3.86
debris passing 1.2 m aside,89,1.78,,,9.7942,0.2178,0.2446,cone,none,1.5,0.0,3.88
debris passing 1.2 m aside,90,1.8,,,13.1855,0.0533,0.0771,cone,none,1.5,0.0,4.18
debris passing 1.2 m aside,91,1.82,,,15.7656,0.0385,0.026,cone,none,1.5,0.0,3.96
debris passing 1.2 m aside,92,1.84,,,15.0549,0.1232,0.119,cone,none,1.5,0.0,3.66
debris passing 1.2 m aside,93,1.86,,,13.2276,0.1546,0.1534,cone,none,1.5,0.0,3.67
debris passing 1.2 m aside,94,1.88,,,12.1857,0.1021,0.1021,cone,none,1.5,0.0,4.0
debris passing 1.2 m aside,95,1.9,,,12.3256,0.0558,0.0703,cone,none,1.5,0.0,4.14
debris passing 1.2 m aside,96,1.92,,,13.0089,0.012,0.035,cone,none,1.5,0.0,3.85
debris passing 1.2 m aside,97,1.94,,,13.1325,-0.0101,-0.0018,cone,none,1.5,0.0,3.63
debris passing 1.2 m aside,98,1.96,,,12.7211,0.0006,0.0015,cone,none,1.5,0.0,3.86
debris passing 1.2 m aside,99,1.98,,,11.273,0.0271,0.0213,cone,none,1.5,0.0,3.89
debris passing 1.2 m aside,100,2.0,,,12.7383,0.0507,0.0432,cone,none,1.5,0.0,3.59
debris passing 1.2 m aside,101,2.02,,,15.9297,0.0942,0.0978,cone,none,1.5,0.0,3.59
debris passing 1.2 m aside,102,2.04,,,16.8522,0.1115,0.123,cone,none,1.5,0.0,3.61
debris passing 1.2 m aside,103,2.06,,,16.3215,0.4105,0.4173,cone,none,1.5,0.0,4.1
debris passing 1.2 m aside,104,2.08,,,13.1615,0.5054,0.5098,cone,none,1.5,0.0,4.04
debris passing 1.2 m aside,105,2.1,,,10.7759,0.4844,0.4873,cone,none,1.5,0.0,3.7
debris passing 1.2 m aside,106,2.12,,,11.0096,0.3934,0.4111,cone,none,1.5,0.0,3.54
debris passing 1.2 m aside,107,2.14,,,12.7443,0.1961,0.2803,cone,none,1.5,0.0,4.06
debris passing 1.2 m aside,108,2.16,,,13.4737,0.0277,0.1037,cone,none,1.5,0.0,3.91
debris passing 1.2 m aside,109,2.18,,,11.6604,0.0376,0.0404,cone,none,1.5,0.0,3.87
debris passing 1.2 m aside,110,2.2,,,12.659,0.0853,0.0808,cone,none,1.5,0.0,3.48
debris passing 1.2 m aside,111,2.22,,,15.5873,0.1168,0.1132,cone,none,1.5,0.0,4.09
debris passing 1.2 m aside,112,2.24,,,17.0075,0.1082,0.1118,cone,none,1.5,0.0,3.96
debris passing 1.2 m aside,113,2.26,,,15.8585,0.0937,0.1139,cone,none,1.5,0.0,3.54
debris passing 1.2 m aside,114,2.28,,,14.2654,0.1039,0.1185,cone,none,1.5,0.0,4.05
debris passing 1.2 m aside,115,2.3,,,13.5381,0.0902,0.099,cone,none,1.5,0.0,3.48
debris passing 1.2 m aside,116,2.32,,,13.9295,0.079,0.085,cone,none,1.5,0.0,4.15
debris passing 1.2 m aside,117,2.34,,,13.1323,0.1986,0.2095,cone,none,1.5,0.0,3.89
debris passing 1.2 m aside,118,2.36,,,17.8621,0.3529,0.3675,cone,none,1.5,0.0,3.73
debris passing 1.2 m aside,119,2.38,,,24.4739,0.4432,0.4509,cone,none,1.5,0.0,3.63
debris passing 1.2 m aside,120,2.4,,,25.1226,0.4426,0.46,cone,none,1.5,0.0,4.09
debris passing 1.2 m aside,121,2.42,,,21.8453,0.3952,0.4311,cone,none,1.5,0.0,3.93
debris passing 1.2 m aside,122,2.44,,,18.955,0.3495,0.3754,cone,none,1.5,0.0,3.85
debris passing 1.2 m aside,123,2.46,,,17.9033,0.2644,0.2737,cone,none,1.5,0.0,3.68
debris passing 1.2 m aside,124,2.48,,,17.1705,0.1969,0.1839,cone,none,1.5,0.0,3.94
debris passing 1.2 m aside,125,2.5,,,19.3733,0.1448,0.113,cone,none,1.5,0.0,4.15
debris passing 1.2 m aside,126,2.52,,,21.7139,0.1529,0.1118,cone,none,1.5,0.0,3.8
debris passing 1.2 m aside,127,2.54,,,21.3004,0.1684,0.1312,cone,none,1.5,0.0,3.72
debris passing 1.2 m aside,128,2.56,,,19.8455,0.153,0.1258,cone,none,1.5,0.0,3.92
debris passing 1.2 m aside,129,2.58,,,20.43,0.2484,0.2485,cone,none,1.5,0.0,4.11
debris passing 1.2 m aside,130,2.6,,,18.2772,0.2058,0.2327,cone,none,1.5,0.0,3.75
debris passing 1.2 m aside,131,2.62,,,14.4475,0.1611,0.1986,cone,none,1.5,0.0,3.5
debris passing 1.2 m aside,132,2.64,,,16.2397,0.1039,0.1623,cone,none,1.5,0.0,3.73
debris passing 1.2 m aside,133,2.66,,,21.2825,0.0461,0.128,cone,none,1.5,0.0,4.15
debris passing 1.2 m aside,134,2.68,,,22.7544,-0.0184,0.0436,cone,none,1.5,0.0,3.88
debris passing 1.2 m aside,135,2.7,,,20.8033,-0.006,0.0092,cone,none,1.5,0.0,3.74
debris passing 1.2 m aside,136,2.72,,,18.7024,0.0058,0.0147,cone,none,1.5,0.0,3.62
debris passing 1.2 m aside,137,2.74,,,16.5778,0.0052,0.0113,cone,none,1.5,0.0,4.33
debris passing 1.2 m aside,138,2.76,,,20.8502,0.1009,0.1216,cone,none,1.5,0.0,4.04
debris passing 1.2 m aside,139,2.78,,,22.8751,0.1625,0.2,cone,none,1.5,0.0,3.77
debris passing 1.2 m aside,140,2.8,,,20.8646,0.1698,0.1888,cone,none,1.5,0.0,4.04
debris passing 1.2 m aside,141,2.82,,,18.7745,0.1495,0.1536,cone,none,1.5,0.0,4.11
debris passing 1.2 m aside,142,2.84,,,16.9568,0.0981,0.109,cone,none,1.5,0.0,4.07
debris passing 1.2 m aside,143,2.86,,,19.6877,0.0181,0.0514,cone,none,1.5,0.0,3.83
debris passing 1.2 m aside,144,2.88,,,23.8241,-0.0268,-0.0002,cone,none,1.5,0.0,3.68
debris passing 1.2 m aside,145,2.9,,,23.5611,0.0246,0.0358,cone,none,1.5,0.0,4.08
debris passing 1.2 m aside,146,2.92,,,20.9353,0.0583,0.068,cone,none,1.5,0.0,4.03
debris passing 1.2 m aside,147,2.94,,,17.0284,0.1465,0.1539,cone,none,1.5,0.0,3.75
debris passing 1.2 m aside,148,2.96,,,22.3255,0.1833,0.1924,cone,none,1.5,0.0,3.45
debris passing 1.2 m aside,149,2.98,,,32.9266,0.1704,0.1937,cone,none,1.5,0.0,4.06
debris passing 1.2 m aside,150,3.0,,,34.5343,0.1493,0.1791,cone,none,1.5,0.0,4.39
debris passing 1.2 m aside,151,3.02,,,27.3145,0.1096,0.1407,cone,none,1.5,0.0,3.72
debris passing 1.2 m aside,152,3.04,,,24.7802,0.0826,0.1032,cone,none,1.5,0.0,3.96
debris passing 1.2 m aside,153,3.06,,,26.5741,0.0656,0.0776,cone,none,1.5,0.0,4.12
debris passing 1.2 m aside,154,3.08,,,30.741,0.1038,0.1128,cone,none,1.5,0.0,4.21
debris passing 1.2 m aside,155,3.1,,,28.2337,0.0814,0.0954,cone,none,1.5,0.0,3.84
debris passing 1.2 m aside,156,3.12,,,21.8682,0.0601,0.0733,cone,none,1.5,0.0,3.74
debris passing 1.2 m aside,157,3.14,,,21.4467,0.0436,0.053,cone,none,1.5,0.0,3.62
debris passing 1.2 m aside,158,3.16,,,27.0423,0.0365,0.063,cone,none,1.5,0.0,4.2
debris passing 1.2 m aside,159,3.18,,,28.4416,-0.0069,0.0512,cone,none,1.5,0.0,3.94
debris passing 1.2 m aside,160,3.2,,,29.2267,-0.0282,0.0094,cone,none,1.5,0.0,3.94
debris passing 1.2 m aside,161,3.22,,,30.9084,0.0459,0.0718,cone,none,1.5,0.0,3.67
debris passing 1.2 m aside,162,3.24,,,27.5954,0.0583,0.0765,cone,none,1.5,0.0,4.24
debris passing 1.2 m aside,163,3.26,,,22.3472,0.0474,0.0601,cone,none,1.5,0.0,4.37
debris passing 1.2 m aside,164,3.28,,,24.1819,0.0326,0.0666,cone,none,1.5,0.0,3.62
debris passing 1.2 m aside,165,3.3,,,30.1008,0.051,0.0796,cone,none,1.5,0.0,3.72
debris passing 1.2 m aside,166,3.32,,,28.6794,0.0675,0.0515,cone,none,1.5,0.0,3.95
debris passing 1.2 m aside,167,3.34,,,31.8185,0.1041,0.0781,cone,none,1.5,0.0,3.87
debris passing 1.2 m aside,168,3.36,,,37.6234,0.0917,0.0737,cone,none,1.5,0.0,3.9
debris passing 1.2 m aside,169,3.38,,,35.2268,0.0709,0.0582,cone,none,1.5,0.0,3.87
debris passing 1.2 m aside,170,3.4,,,33.7527,0.0518,0.0749,cone,none,1.5,0.0,3.77
debris passing 1.2 m aside,171,3.42,,,36.1859,0.0276,0.0819,cone,none,1.5,0.0,3.96
debris passing 1.2 m aside,172,3.44,,,32.0291,0.0183,0.0569,cone,none,1.5,0.0,3.85
debris passing 1.2 m aside,173,3.46,,,30.7961,0.0169,0.0432,cone,none,1.5,0.0,4.12
debris passing 1.2 m aside,174,3.48,,,34.162,0.0303,0.0482,cone,none,1.5,0.0,3.75
debris passing 1.2 m aside,175,3.5,,,36.1702,0.072,0.0921,cone,none,1.5,0.0,4.14
debris passing 1.2 m aside,176,3.52,,,34.5682,0.0594,0.0913,cone,none,1.5,0.0,4.3
debris passing 1.2 m aside,177,3.54,,,30.185,0.0275,0.0622,cone,none,1.5,0.0,4.13
debris passing 1.2 m aside,178,3.56,,,31.9817,0.0142,0.0393,cone,none,1.5,0.0,3.7
debris passing 1.2 m aside,179,3.58,,,34.4452,0.0363,0.0525,cone,none,1.5,0.0,4.26
debris passing 1.2 m aside,180,3.6,,,42.6183,0.0454,0.0492,cone,none,1.5,0.0,3.95
debris passing 1.2 m aside,181,3.62,,,47.9488,0.0222,0.0147,cone,none,1.5,0.0,4.11
debris passing 1.2 m aside,182,3.64,,,42.7699,0.0121,0.0066,cone,none,1.5,0.0,4.13
debris passing 1.2 m aside,183,3.66,,,41.3636,0.0183,0.0145,cone,none,1.5,0.0,4.07
debris passing 1.2 m aside,184,3.68,,,36.8361,0.0147,0.015,cone,none,1.5,0.0,4.33
debris passing 1.2 m aside,185,3.7,,,38.2218,0.0069,0.0303,cone,none,1.5,0.0,3.91
debris passing 1.2 m aside,186,3.72,,,42.4427,0.0456,0.0679,cone,none,1.5,0.0,4.09
debris passing 1.2 m aside,187,3.74,,,43.1066,0.1099,0.1202,cone,none,1.5,0.0,4.08
debris passing 1.2 m aside,188,3.76,,,43.9415,0.1145,0.1204,cone,none,1.5,0.0,4.03
debris passing 1.2 m aside,189,3.78,,,40.6901,0.0696,0.0756,cone,none,1.5,0.0,3.77
debris passing 1.2 m aside,190,3.8,,,47.9504,0.0425,0.0478,cone,none,1.5,0.0,3.67
debris passing 1.2 m aside,191,3.82,,,53.8815,0.0286,0.0325,cone,none,1.5,0.0,3.82
debris passing 1.2 m aside,192,3.84,,,57.9929,0.0229,0.0253,cone,none,1.5,0.0,3.92
debris passing 1.2 m aside,193,3.86,,,55.702,0.0132,0.0144,cone,none,1.5,0.0,3.55
debris passing 1.2 m aside,194,3.88,,,51.1895,0.0133,0.014,cone,none,1.5,0.0,3.8
debris passing 1.2 m aside,195,3.9,,,47.091,0.0262,0.0267,cone,none,1.5,0.0,3.69
debris passing 1.2 m aside,196,3.92,,,52.0972,0.0529,0.0554,cone,none,1.5,0.0,4.13
debris passing 1.2 m aside,197,3.94,,,53.6829,0.0732,0.0879,cone,none,1.5,0.0,3.78
debris passing 1.2 m aside,198,3.96,,,56.2991,0.054,0.0703,cone,none,1.5,0.0,3.79
debris passing 1.2 m aside,199,3.98,,,62.0632,0.0363,0.0473,cone,none,1.5,0.0,3.66
debris passing 1.2 m aside,200,4.0,,,63.995,0.0252,0.0329,cone,none,1.5,0.0,4.08
debris passing 1.2 m aside,201,4.02,,,64.9127,0.0197,0.0256,cone,none,1.5,0.0,3.85
debris passing 1.2 m aside,202,4.04,,,58.288,0.0185,0.0275,cone,none,1.5,0.0,3.85
debris passing 1.2 m aside,203,4.06,,,55.092,0.0355,0.0364,cone,none,1.5,0.0,3.88
debris passing 1.2 m aside,204,4.08,,,62.7416,0.0363,0.0339,cone,none,1.5,0.0,3.86
debris passing 1.2 m aside,205,4.1,,,63.4065,0.0265,0.0247,cone,none,1.5,0.0,4.0
debris passing 1.2 m aside,206,4.12,,,60.8441,0.0173,0.0169,cone,none,1.5,0.0,4.02
debris passing 1.2 m aside,207,4.14,,,51.1557,0.0055,0.0141,cone,none,1.5,0.0,3.72
debris passing 1.2 m aside,208,4.16,,,46.9024,0.0008,0.0123,cone,none,1.5,0.0,4.0
debris passing 1.2 m aside,209,4.18,,,54.4893,0.0022,0.0082,cone,none,1.5,0.0,4.07
debris passing 1.2 m aside,210,4.2,,,61.4298,0.0025,0.0042,cone,none,1.5,0.0,3.73
debris passing 1.2 m aside,211,4.22,,,56.8917,-0.0005,0.0006,cone,none,1.5,0.0,3.83
debris passing 1.2 m aside,212,4.24,,,54.9631,-0.0023,-0.0009,cone,none,1.5,0.0,3.82
debris passing 1.2 m aside,213,4.26,,,56.0941,-0.0022,-0.0011,cone,none,1.5,0.0,4.0
debris passing 1.2 m aside,214,4.28,,,55.8701,-0.0017,-0.001,cone,none,1.5,0.0,3.99
debris passing 1.2 m aside,215,4.3,,,60.2889,-0.0005,0.0,cone,none,1.5,0.0,3.86
debris passing 1.2 m aside,216,4.32,,,60.8599,-0.0013,0.0006,cone,none,1.5,0.0,3.85
debris passing 1.2 m aside,217,4.34,,,54.6355,0.0009,0.001,cone,none,1.5,0.0,3.93
debris passing 1.2 m aside,218,4.36,,,53.1895,0.0025,0.0026,cone,none,1.5,0.0,4.13
debris passing 1.2 m aside,219,4.38,,,52.6134,0.0022,0.0024,cone,none,1.5,0.0,3.8
debris passing 1.2 m aside,220,4.4,,,57.1048,0.0032,0.0051,cone,none,1.5,0.0,3.67
debris passing 1.2 m aside,221,4.42,,,51.1984,0.0087,0.0128,cone,none,1.5,0.0,3.67
debris passing 1.2 m aside,222,4.44,,,53.6101,0.0153,0.016,cone,none,1.5,0.0,3.82
debris passing 1.2 m aside,223,4.46,,,41.3837,0.0112,0.0112,cone,none,1.5,0.0,4.08
debris passing 1.2 m aside,224,4.48,,,34.7383,0.0079,0.0078,cone,none,1.5,0.0,3.92
debris passing 1.2 m aside,225,4.5,,,37.0071,0.006,0.006,cone,none,1.5,0.0,3.67
debris passing 1.2 m aside,226,4.52,,,40.0389,0.0043,0.0062,cone,none,1.5,0.0,3.93
debris passing 1.2 m aside,227,4.54,,,31.2502,0.0018,0.0036,cone,none,1.5,0.0,3.87
debris passing 1.2 m aside,228,4.56,,,18.4123,0.0027,0.0034,cone,none,1.5,0.0,4.0
debris passing 1.2 m aside,229,4.58,,,10.8352,0.0023,0.0033,cone,none,1.5,0.0,3.55
debris passing 1.2 m aside,230,4.6,,,8.9154,0.0015,0.0032,cone,none,1.5,0.0,3.95
debris passing 1.2 m aside,231,4.62,,,9.0997,0.0006,0.0029,cone,none,1.5,0.0,3.77
debris passing 1.2 m aside,232,4.64,,,8.3648,0.0004,0.002,cone,none,1.5,0.0,4.05
debris passing 1.2 m aside,233,4.66,,,6.4233,0.0003,0.0014,cone,none,1.5,0.0,3.85
debris passing 1.2 m aside,234,4.68,,,4.833,0.0002,0.001,cone,none,1.5,0.0,3.86
debris passing 1.2 m aside,235,4.7,,,4.6284,0.0001,0.0016,cone,none,1.5,0.0,3.84
debris passing 1.2 m aside,236,4.72,,,5.0921,0.0013,0.0045,cone,none,1.5,0.0,4.12
debris passing 1.2 m aside,237,4.74,,,4.5162,0.0047,0.0091,cone,none,1.5,0.0,3.82
debris passing 1.2 m aside,238,4.76,,,3.4251,0.0075,0.0114,cone,none,1.5,0.0,4.14
debris passing 1.2 m aside,239,4.78,,,2.9599,0.0065,0.0093,cone,none,1.5,0.0,3.96
debris passing 1.2 m aside,240,4.8,,,2.7095,0.0045,0.0066,cone,none,1.5,0.0,4.14
debris passing 1.2 m aside,241,4.82,,,2.5263,0.0029,0.0048,cone,none,1.5,0.0,4.12
